; historical from hector_ceds
; commit 0674f8aa14c7345
; date Fri Aug 14 10:45:45 2026
; UNITS:, Tg, Gg, Gg, Gg, Gg, Gg, Gg, Gg, Gg, Gg, Gg, Gg, Tg CH4, Tg CH4, Tg CO, Gg, Gg, Gg, Gg, Gg, Gg, Gg, Gg, Gg, Gg, Gg, Tg N, Tg N, Tg, Tg NMVOC, Tg N, Tg, W/m2, Gg, Gg S, W/m2, Pg C/yr, Pg C/yr, Gg, Gg, Gg, Pg C/yr, Pg C/yr
Date,BC_emissions,C2F6_emissions,CCl4_emissions,CF4_emissions,CFC113_emissions,CFC114_emissions,CFC115_emissions,CFC11_emissions,CFC12_emissions,CH3Br_emissions,CH3CCl3_emissions,CH3Cl_emissions,CH4N,CH4_emissions,CO_emissions,HCFC141b_emissions,HCFC142b_emissions,HCFC22_emissions,HFC125_emissions,HFC134a_emissions,HFC143a_emissions,HFC227ea_emissions,HFC23_emissions,HFC245fa_emissions,HFC32_emissions,HFC4310_emissions,N2O_emissions,N2O_natural_emissions,NH3_emissions,NMVOC_emissions,NOX_emissions,OC_emissions,RF_albedo,SF6_emissions,SO2_emissions,SV,daccs_uptake,ffi_emissions,halon1211_emissions,halon1301_emissions,halon2402_emissions,luc_emissions,luc_uptake
1745,2.12009320739081,0,0.024856862,0.010071225,0,0,0,0,0,105.08773,0,4275.7449,223.2841597,26.9905392610073,348.838264715269,0,0,0,0,0,0,0,0,0,0,0,0.64788617320714,9.904157673,6.75210566928243,60.9316028709146,5.91977385780475,16.0204519540941,0,0,1176.7530986171,0,0,0.00238454172655907,0.007723273,0,0,0.081175867,0
1746,2.12009320739081,0,0.024856862,0.010071225,0,0,0,0,0,105.08773,0,4275.7449,218.5439114,26.9905392610073,348.838264715269,0,0,0,0,0,0,0,0,0,0,0,0.64788617320714,9.496370793,6.75210566928243,60.9316028709146,5.91977385780475,16.0204519540941,0,0,1176.7530986171,0,0,0.00238454172655907,0.007723273,0,0,0.081175867,0
1747,2.12009320739081,0,0.024856862,0.010071225,0,0,0,0,0,105.08773,0,4275.7449,223.2307996,26.9905392610073,348.838264715269,0,0,0,0,0,0,0,0,0,0,0,0.64788617320714,9.982529779,6.75210566928243,60.9316028709146,5.91977385780475,16.0204519540941,0,0,1176.7530986171,0,0,0.00238454172655907,0.007723273,0,0,0.081175867,0
1748,2.12009320739081,0,0.024856862,0.010071225,0,0,0,0,0,105.08773,0,4275.7449,224.0223599,26.9905392610073,348.838264715269,0,0,0,0,0,0,0,0,0,0,0,0.64788617320714,9.973572747,6.75210566928243,60.9316028709146,5.91977385780475,16.0204519540941,0,0,1176.7530986171,0,0,0.00238454172655907,0.007723273,0,0,0.081175867,0
1749,2.12009320739081,0,0.024856862,0.010071225,0,0,0,0,0,105.08773,0,4275.7449,225.0712758,26.9905392610073,348.838264715269,0,0,0,0,0,0,0,0,0,0,0,0.64788617320714,9.978918184,6.75210566928243,60.9316028709146,5.91977385780475,16.0204519540941,0,0,1176.7530986171,0,0,0.00238454172655907,0.007723273,0,0,0.081175867,0
1750,2.12009320739081,0,0.024856862,0.010071225,0,0,0,0,0,105.08773,0,4275.7449,224.3734775,26.9905392610073,348.838264715269,0,0,0,0,0,0,0,0,0,0,0,0.64788617320714,10.05637215,6.75210566928243,60.9316028709146,5.91977385780475,16.0204519540941,0,0,1176.7530986171,0,0,0.00238454172655907,0.007723273,0,0,0.081175867,0
1751,2.09569450784233,0,0.024856862,0.010071225,0,0,0,0,0,105.1072,0,4276.7685,224.7588953,26.8228137039776,344.229340660338,0,0,0,0,0,0,0,0,0,0,0,0.640645904475459,10.04215546,6.6836059079966,59.9992417818686,5.85286608328529,15.7627291781989,-2.29457e-4,0,1159.63301561555,0.185756746,0,0.00238454172655908,0.007723273,0,0,0.08266927,0
1752,2.0875514029991,0,0.024856862,0.010071225,0,0,0,0,0,105.12502,0,4277.7049,226.7553906,26.7329549091469,342.107934665104,0,0,0,0,0,0,0,0,0,0,0,0.637487748515144,10.06138643,6.64203668234455,59.5451982377933,5.85369564686891,15.6098713085235,-4.59e-4,0,1153.12674176515,0.185760472,0,0.00238547610811337,0.007723273,0,0,0.084190146,0
1753,2.09568518835666,0,0.024856862,0.010071225,0,0,0,0,0,105.10373,0,4276.586,225.7345705,26.8989523996748,343.976352016427,0,0,0,0,0,0,0,0,0,0,0,0.639916251593369,10.12397451,6.70324106405026,59.942927939637,5.8281466958078,15.7597785286078,-6.88e-4,0,1159.21502870507,0.185761717,0,0.00238547610811337,0.007723273,0,0,0.085739002,0
1754,2.12361008550111,0,0.024856862,0.010071225,0,0,0,0,0,105.07356,0,4274.9998,224.7827012,27.2196345005704,350.125174327599,0,0,0,0,0,0,0,0,0,0,0,0.651896670442389,10.11018399,6.83635229817037,61.191228801889,5.87341754467555,16.1381890727618,-9.18e-4,0,1184.19299231831,0.185762136,0,0.00238641048966767,0.007723273,0,0,0.087316353,0
1755,2.12391627072612,0,0.024856862,0.010071225,0,0,0,0,0,105.09182,0,4275.9598,225.0024676,27.1417954979441,348.450856887735,0,0,0,0,0,0,0,0,0,0,0,0.648083471638834,10.07235624,6.76419804073736,60.7483254767282,5.93371424951612,15.9388869668705,-0.001147286,0,1174.11129812258,0.16149051,0,0.00238734487122196,0.007723273,0,0,0.088922722,0
1756,2.09406467419852,0,0.024856862,0.010071225,0,0,0,0,0,105.08556,0,4275.6306,225.6459979,27.0365358552648,343.618491303907,0,0,0,0,0,0,0,0,0,0,0,0.63890348824497,10.03899946,6.74203849750087,59.8718616955824,5.76994590709018,15.777777747184,-0.001376744,0,1161.04253078423,-0.064139904,0,0.00255179602477776,0.007723273,0,0,0.090558644,0
1757,2.17367599971897,0,0.024856862,0.010071225,0,0,0,0,0,105.09137,0,4275.9361,224.3907996,27.5258664828063,356.255736238478,0,0,0,0,0,0,0,0,0,0,0,0.660645398919851,9.986079408,6.86634790472599,62.1950592133151,6.10508422645671,16.2891791812709,-0.001606201,0,1204.53496602518,0.06548149,0,0.00255273040633205,0.007723273,0,0,0.092224663,0
1758,2.14680332493306,0,0.024856862,0.010071225,0,0,0,0,0,105.09662,0,4276.2118,224.2919445,27.3619697461253,352.146449759803,0,0,0,0,0,0,0,0,0,0,0,0.656641810904233,10.06231962,6.81320937886049,61.367487592604,6.03308164683105,16.1002491942725,-0.001835658,0,1192.12212503003,0.143706674,0,0.00255366478788635,0.007723273,0,0,0.093921331,0
1759,2.1439355810335,0,0.024856862,0.010071225,0,0,0,0,0,105.08372,0,4275.5338,222.8725329,27.4938129357965,351.81314537713,0,0,0,0,0,0,0,0,0,0,0,0.652697791282846,10.07680682,6.86294264633574,61.3809440926383,5.92695173365296,16.1613052656551,-0.002065115,0,1187.64214368509,0.171560264,0,0.00255459916944064,0.007723273,0,0,0.095649213,0
1760,2.15496941014613,0,0.024856862,0.010071225,0,0,0,0,0,105.04022,0,4273.2473,220.9827244,27.6918706222493,354.727323383972,0,0,0,0,0,0,0,0,0,0,0,0.658061146678513,10.03857843,6.94431591341435,61.9911210319844,5.90823047628906,16.4082866870569,-0.002294573,0,1200.39032446063,0.180988301,0,0.00255459916944064,0.007723273,0,0,0.097408883,0
1761,2.16548402847395,0,0.024856862,0.010071225,0,0,0,0,0,105.09143,0,4275.9395,223.4157419,27.6558511595529,355.012766343214,0,0,0,0,0,0,0,0,0,0,0,0.659490500170775,10.04317314,6.8962242735232,61.926505420745,6.02677497851761,16.2826142997725,-0.00252403,0,1205.20117493315,0.184158544,0,0.00279847275511146,0.007723273,0,0,0.099200926,0
1762,2.13000934302964,0,0.024856862,0.010071225,0,0,0,0,0,105.08127,0,4275.4052,224.2369398,27.5691553672935,349.545247215353,0,0,0,0,0,0,8.32e-8,0,0,1.51e-6,0,0.648280677656542,10.03820002,6.88685392467325,60.9705601388504,5.80834429264568,16.1180982124049,-0.002753487,0,1184.39539515048,-0.719878886,0,0.00279940713666575,0.007723273,0,0,0.101025937,0
1763,2.13588817379456,0,0.024856862,0.010071225,0,0,0,0,0,105.09332,0,4276.0386,225.2456315,27.5785935065903,350.355284192089,0,0,0,0,0,0,6.68e-7,0,0,1.24e-5,0,0.651795307286494,10.15322127,6.88134806256758,61.073357326176,5.87052056953152,16.1206385830623,-0.002982944,0,1190.30878194767,-0.439960121,0,0.00280034151822004,0.007723273,0,0,0.102884523,0
1764,2.100941793047,0,0.024856862,0.010071225,0,0,0,0,0,105.1104,0,4276.9364,226.2724641,27.2078612372474,342.327425255571,0,0,0,0,0,0,1.27e-6,0,0,2.5e-5,0,0.638433888048735,10.08662639,6.71091814223419,59.3847252087438,5.84410429751337,15.5534062754826,-0.003212402,0,1157.9670454589,-0.039047325,0,0.00280127589977434,0.007723273,0,0,0.104777302,0
1765,2.15366036886863,0,0.024856862,0.010071225,0,0,0,0,0,105.07293,0,4274.9668,225.2272172,27.7792119307476,353.231405786096,0,0,0,0,0,0,1.39e-6,0,0,3.03e-5,0,0.65663107190487,10.05794929,6.92394969486716,61.5818550697928,5.91950142147701,16.2774340058271,-0.003441859,0,1199.32656419038,0.109581666,0,0.00280221028132863,0.007723273,0,0,0.106704903,0
1766,2.14102949428906,0,0.024856862,0.010071225,0,0,0,0,0,105.07758,0,4275.2111,225.6062203,27.6308509350822,349.667888071624,0,0,0,0,0,0,1.42e-6,0,0,3.44e-5,0,0.650805030998798,10.00023318,6.84680785903862,60.8130945983059,5.92947616159055,15.9574569773853,-0.003671316,0,1189.38379064845,-0.178487527,0,0.00312644068066876,0.007723273,0,0,0.108667966,0
1767,2.14362006773282,0,0.024856862,0.010071225,0,0,0,0,0,105.08566,0,4275.6359,225.7896103,27.6849602537509,349.902846465865,0,0,0,0,0,0,1.46e-6,0,0,3.84e-5,0,0.650542716415904,10.06677658,6.85497593061044,60.848052055806,5.92266975014107,16.000932365553,-0.003900773,0,1190.55661616494,-0.230039677,0,0.00312737506222305,0.007723273,0,0,0.110667143,0
1768,2.21498638987633,0,0.024856862,0.010071225,0,0,0,0,0,105.04673,0,4273.5893,223.8138847,28.2526046020223,362.959633222837,0,0,0,0,0,0,1.49e-6,0,0,4.25e-5,0,0.674384031930263,10.00423859,7.03255443602718,63.3293242698801,6.1660387178244,16.6667866290841,-0.004130231,0,1238.09088066634,0.029544124,0,0.00312830944377734,0.007723273,0,0,0.1127031,0
1769,2.17000358061173,0,0.024856862,0.010071225,0,0,0,0,0,105.0767,0,4275.165,224.3589445,27.9936219723253,355.318754401158,0,0,0,0,0,0,1.53e-6,0,0,4.65e-5,0,0.661275962717196,10.00362809,6.96576802287726,61.9143859488228,5.97493358333818,16.3393060253069,-0.004359688,0,1214.47749168832,0.132534616,0,0.00312924382533164,0.007723273,0,0,0.114776512,0
1770,2.17232285250649,0,0.024856862,0.010071225,0,0,0,0,0,105.04544,0,4273.5216,224.4357072,28.034289785827,355.653619304849,0,0,0,0,0,0,1.57e-6,0,0,5.06e-5,0,0.662649174611353,10.03172619,6.96295102540721,61.9327150837478,5.99405096468394,16.3485923700282,-0.004589145,0,1215.48707076959,0.036362348,0,0.00313017820688594,0.007723273,0,0,0.116888069,0
1771,2.13446528974392,0,0.024856862,0.010071225,0,0,0,0,0,105.07227,0,4274.9318,225.0753071,27.7982902850119,348.136410661386,0,0,0,0,0,0,1.6e-6,0,0,5.47e-5,0,0.650137601746727,9.988077147,6.876191849689,60.3949841223572,5.86470714786229,15.9291509571924,-0.004818602,0,1192.11980482472,0.088893036,0,0.00347122747420336,0.007723273,0,0,0.119038473,0
1772,2.12132940678296,0,0.024856862,0.010071225,0,0,0,0,0,105.08887,0,4275.8046,226.9769716,27.7242107170576,344.881324765383,0,0,0,0,0,0,1.64e-6,0,0,5.87e-5,0,0.644498363466868,9.987207247,6.85030693123276,59.7006165940275,5.81809757538218,15.7230547322245,-0.00504806,0,1179.7633407446,0.151100522,0,0.00347216185575765,0.007723273,0,0,0.121228438,0
1773,2.1277326288457,0,0.024856862,0.010071225,0,0,0,0,0,105.06952,0,4274.7874,225.558964,27.8833207219538,346.044822465252,0,0,0,0,0,0,1.67e-6,0,0,6.28e-5,0,0.646389263090275,9.97675092,6.91181614339776,59.8985119191727,5.7914130810877,15.8156806180466,-0.005277517,0,1182.67782483262,0.174022557,0,0.00347309623731195,0.007723273,0,0,0.123458692,0
1774,2.19068955428242,0,0.024856862,0.010071225,0,0,0,0,0,105.0265,0,4272.5262,223.3698558,28.5048894101601,358.389007031986,0,0,0,0,0,0,1.71e-6,0,0,6.68e-5,0,0.669645803230977,9.985341346,7.15553092004958,62.3049876419451,5.93918832943876,16.4896399636945,-0.005506974,0,1228.62604144043,0.181814436,0,0.00347403061886624,0.007723273,0,0,0.125729977,0
1775,2.18549176181737,0,0.024856862,0.010071225,0,0,0,0,0,105.05246,0,4273.8905,224.4686289,28.3999766534839,355.326356207527,0,0,0,0,0,0,1.75e-6,0,0,7.09e-5,0,0.663782647776681,9.965230176,7.07749738302247,61.5372750463623,5.9789007294203,16.2047321482065,-0.005736431,0,1213.02580949512,0.184436008,0,0.00347496500042054,0.007723273,0,0,0.128043046,0
1776,2.14923100962292,0,0.024856862,0.010071225,0,0,0,0,0,105.03944,0,4273.2061,225.2487839,28.300468806442,349.160809356288,0,0,0,0,0,0,1.78e-6,0,0,7.49e-5,0,0.652068488111526,9.9689228580000009,7.0694429735454,60.382258024796,5.76248683478733,15.9872276444602,-0.005965889,0,1198.28438652629,0.185316816,0,0.00383470189882384,0.007723273,0,0,0.13039867,0
1777,2.20813523809125,0,0.024856862,0.010071225,0,0,0,0,0,105.05273,0,4273.9048,224.8483133,28.6774223525948,357.819271431312,0,0,0,0,0,0,1.82e-6,0,0,7.9e-5,0,0.666834959001506,9.953409164,7.16423334584259,61.9029121910932,6.00875210512317,16.2930417754067,-0.006195346,0,1226.07838499327,0.185612686,0,0.00383563628037814,0.007723273,0,0,0.132797629,0
1778,2.23664731496488,0,0.024856862,0.010071225,0,0,0,0,0,105.04465,0,4273.48,222.7310473,28.912526558743,363.035738712536,0,0,0,0,0,0,1.85e-6,0,0,8.3e-5,0,0.679594006845883,9.952140448,7.24312840005056,62.8002701675478,6.13615110678468,16.5213466499242,-0.006424803,0,1246.01321094677,0.185712075,0,0.00383657066193243,0.007723273,0,0,0.135240723,0
1779,2.19891488467723,0,0.024856862,0.010071225,0,0,0,0,0,105.03691,0,4273.0734,223.2438394,28.8220482974787,356.194435465317,0,0,0,0,0,0,1.89e-6,0,0,8.71e-5,0,0.664499588199171,9.946066604,7.22741362544333,61.5216254093212,5.89724241280083,16.2508808585528,-0.00665426,0,1218.23183455318,0.185745465,0,0.00383750504348672,0.007723273,0,0,0.137728763,0
1780,2.2266102174754,0,0.024856862,0.010071225,0,0,0,0,0,104.98817,0,4270.511,223.0263869,29.1911107084089,361.88177281405,0,0,0,0,0,0,1.92e-6,0,0,9.1e-5,0,0.674409410272826,9.939909209,7.37844247188362,62.6471406375165,5.90551225927509,16.6398227809357,-0.006883718,0,1239.82303132003,0.185756681,0,0.00385872050920099,0.007723273,0,0,0.140262576,0
1781,2.22769629973187,0,0.024856862,0.010071225,0,0,0,0,0,105.04236,0,4273.3596,223.8688561,29.1029027966608,360.347135343982,0,0,0,0,0,0,1.96e-6,0,0,9.52e-5,0,0.672473218500467,9.928846419,7.31384946072573,62.226071125498,5.9811849220206,16.430477180206,-0.007113175,0,1242.17467142678,0.185760451,0,0.00431399018829866,0.007723273,0,0,0.142843003,0
1782,2.1995537851329,0,0.024856862,0.010071225,0,0,0,0,0,105.03125,0,4272.7759,223.8520641,29.0911133832238,356.2960801344,0,0,0,0,0,0,2e-6,0,0,9.92e-5,0,0.664209245897012,9.922530827,7.32687451547636,61.52167828914,5.7861846375251,16.3384184208717,-0.007342632,0,1225.88163137684,0.185761713,0,0.00431544696963878,0.007723273,0,0,0.145470903,0
1783,2.19056094654972,0,0.024856862,0.010071225,0,0,0,0,0,105.0436,0,4273.4248,223.5065898,29.0229208818491,354.532412160258,0,0,0,0,0,0,2.03e-6,0,0,1.03e-4,0,0.663029954518601,9.906523631,7.30260723806945,61.1413649390615,5.77821129239305,16.2349033004724,-0.007572089,0,1223.95484931549,-1.607111309,0,0.00431783790122156,0.007723273,0,0,0.148147149,0
1784,2.18132825946625,0,0.024856862,0.010071225,0,0,0,0,0,105.05531,0,4274.0405,223.8884365,28.8280460866911,350.808389308453,0,0,0,0,0,0,2.07e-6,0,0,1.07e-4,0,0.657351302869451,9.914365411,7.18651757465376,60.2548320554238,5.84966734164428,15.8576449959435,-0.007801547,0,1206.41084663845,-3.487549643,0,0.00431824006534632,0.007723273,0,0,0.150872629,0
1785,2.20738263268257,0,0.024856862,0.010071225,0,0,0,0,0,105.02817,0,4272.6136,223.1254997,29.2255907240338,357.051918549557,0,0,0,0,0,0,2.1e-6,0,0,1.11e-4,0,0.667802933799475,9.907793622,7.34291733785355,61.5433020532677,5.82846885765828,16.3650103465161,-0.008031004,0,1232.091489574,-1.322721197,0,0.00432241201463057,0.007723273,0,0,0.153648251,0
1786,2.200853217072,0,0.024856862,0.010071225,0,0,0,0,0,105.02684000000001,0,4272.5442,223.3093215,29.1544439985731,354.437535668361,0,0,0,0,0,0,2.14e-6,0,0,1.15e-4,0,0.662879453081701,9.91563659,7.29492761648768,60.9676588549274,5.83509013003575,16.1009604750065,-0.008260461,0,1229.52128127031,-0.487257524,0,0.00490558011425403,0.007723273,0,0,0.156474937,0
1787,2.22822928409703,0,0.024856862,0.010071225,0,0,0,0,0,105.03415,0,4272.9283,222.3292796,29.383163316447,359.030782479999,0,0,0,0,0,0,2.18e-6,0,0,1.19e-4,0,0.670976527643392,9.889826978,7.35827771117548,61.8119044276831,5.92523556290351,16.3467127254061,-0.008489918,0,1246.6662346189,-0.096137761,0,0.00490779454995311,0.007723273,0,0,0.159353625,0
1788,2.29924297703697,0,0.024856862,0.010071225,0,0,0,0,0,104.9922,0,4270.7227,222.3613142,29.9446891368603,371.607197477499,0,0,0,0,0,0,2.21e-6,0,0,1.23e-4,0,0.693769874643713,9.873467873,7.53347558778054,64.1908978763515,6.16072958474975,16.9829408845328,-0.008719376,0,1290.63246517934,0.088531065,0,0.00490889896357639,0.007723273,0,0,0.162285272,0
1789,2.25254640315441,0,0.024856862,0.010071225,0,0,0,0,0,105.0242,0,4272.405,222.7892771,29.6840947108802,363.677971412132,0,0,0,0,0,0,2.25e-6,0,0,1.28e-4,0,0.680676690473965,9.880942923,7.4651177969464,62.7008517510147,5.96489881310515,16.6418136319228,-0.008948833,0,1265.54946567657,0.152985893,0,0.00491041131165053,0.007723273,0,0,0.165270854,0
1790,2.26209515190236,0,0.024856862,0.010071225,0,0,0,0,0,104.99139,0,4270.6805,222.7418745,29.7854233073392,365.116769789453,0,0,0,0,0,0,2.28e-6,0,0,1.32e-4,0,0.68383061420483,9.86921535,7.48104854062721,62.9191898035816,6.0048641786868,16.7002862834531,-0.00917829,0,1270.22601225934,0.174747138,0,0.00491315186836999,0.007723273,0,0,0.168311362,0
1791,2.21960742876727,0,0.024856862,0.010071225,0,0,0,0,0,105.02128,0,4272.2515,223.3860799,29.4866484801578,356.87063106691,0,0,0,0,0,0,2.32e-6,0,0,1.36e-4,0,0.669558881165137,9.857359177,7.35614790498094,61.2926130719736,5.8675805888207,16.2618666200717,-0.009407747,0,1249.60617609293,0.182061991,0,0.00548656579143589,0.007723273,0,0,0.171407806,0
1792,2.21086119782093,0,0.024856862,0.010071225,0,0,0,0,0,105.04466,0,4273.4807,223.6877333,29.3787532017024,354.461562157739,0,0,0,0,0,0,2.36e-6,0,0,1.4e-4,0,0.665989887496205,9.869445068,7.29688254989833,60.7811726297304,5.87351267477198,16.0956210433034,-0.009637205,0,1245.6154113472,0.184519353,0,0.00560065736309374,0.007723273,0,0,0.174561216,0
1793,2.20390285897031,0,0.024856862,0.010071225,0,0,0,0,0,105.02605,0,4272.5025,223.0930552,29.4390510641231,353.578601033043,0,0,0,0,0,0,2.39e-6,0,0,1.44e-4,0,0.663364834559712,9.795202215,7.31449261536,60.6626814981285,5.79045428977303,16.129479664285,-0.009866662,0,1242.36202093651,0.185344816,0,0.00560749540989643,0.007723273,0,0,0.17777264,0
1794,2.26640575843763,0,0.024856862,0.010071225,0,0,0,0,0,104.98417,0,4270.301,222.4330084,30.0205331983458,365.94592076798,0,0,0,0,0,0,2.43e-6,0,0,1.48e-4,0,0.686199443452709,9.81150596,7.52685431909684,63.1221990717721,5.94987805657043,16.820992052795,-0.010096119,0,1289.03569805832,0.1856221,0,0.00559873564509584,0.007723273,0,0,0.181043144,0
1795,2.25685806325687,0,0.024856862,0.010071225,0,0,0,0,0,105.01093,0,4271.7076,222.8464797,29.8680262823556,362.408948373246,0,0,0,0,0,0,2.46e-6,0,0,1.52e-4,0,0.679006809977376,9.779896593,7.41994476036389,62.3279438718706,5.97609736722934,16.5412326066841,-0.010325576,0,1272.54709918948,0.185715243,0,0.00560237322443904,0.007723273,0,0,0.184373817,0
1796,2.20924324036103,0,0.024856862,0.010071225,0,0,0,0,0,104.99978,0,4271.1214,223.3584164,29.6796673280878,354.678777409308,0,0,0,0,0,0,2.5e-6,0,0,1.56e-4,0,0.664075184281801,9.781667078,7.3741828862644,60.9500835092145,5.71550840979694,16.289517534934,-0.010555034,0,1251.52642343256,0.056138903,0,0.00586944544564977,0.007723273,0,0,0.187765764,0
1797,2.27116892080467,0,0.024856862,0.010071225,0,0,0,0,0,105.01623,0,4271.986,223.0732519,30.0120969682949,363.755471774224,0,0,0,0,0,0,2.54e-6,0,0,1.6e-4,0,0.679900103388643,9.788204634,7.42731894765177,62.5625028650619,6.00910972260188,16.6029001873624,-0.010784491,0,1287.29823272439,-0.042794853,0,0.00616205008926425,0.007723273,0,0,0.191220113,0
1798,2.29327480648031,0,0.024856862,0.010070485,0,0,0,0,0,105.0081,0,4271.559,223.1838428,30.1673878102495,367.857124953926,0,0,0,0,0,0,2.57e-6,0,0,1.64e-4,0,0.690148406576999,9.770772303,7.46070295808596,63.2926528399834,6.1236125606195,16.7937896581131,-0.011013948,0,1309.34788403684,0.057545268,0,0.00641828132710733,0.007723273,0,0,0.194738012,0
1799,2.26775175057333,0,0.024856862,0.010071964,0,0,0,0,0,104.99068,0,4270.6431,223.1205895,30.1649317589882,363.678366698274,0,0,0,0,0,0,2.61e-6,0,0,1.68e-4,0,0.679495937695401,9.781963398,7.46276829885395,62.5930421766122,5.91935683421813,16.7065501724233,-0.011243405,0,1296.89896098112,0.140354145,0,0.00676069107859166,0.007723273,0,0,0.198320631,0
1800,2.2779262725679,0,0.024856862,0.010071225,0,0,0,0,0,104.95838,0,4268.9449,222.7815906,30.3499791631383,366.030159905684,0,0,0,0,0,0,2.64e-6,0,0,1.72e-4,0,0.683286576062346,9.735676593,7.52767022215434,63.1028352797436,5.89531170121354,16.913995930372,-0.011477677,0,1315.20542685104,0.170402887,0,0.00719529693842031,0.007723273,0,0,0.201969159,0
1801,2.28360004328784,0,0.024856862,0.010071225,0,0,0,0,0,105.01099,0,4271.7107,223.0763666,30.3104781371359,365.099811381887,0,0,0,0,0,0,2.68e-6,0,0,1.76e-4,0,0.682984178396708,9.770552382,7.48661911904511,62.7714092801492,5.9786292707867,16.7399954486015,-0.011716461,0,1310.81580147955,0.180598096,0,0.00720128831307126,0.007723273,0,0,0.20568481,0
1802,2.26964978449148,0,0.024856862,0.010071225,0,0,0,0,0,104.99468,0,4270.8532,223.2427321,30.4422621711029,363.134404519642,0,0,0,0,0,0,2.72e-6,0,0,1.8e-4,0,0.678920131030491,9.796089058,7.54703340008571,62.4367952945335,5.81231674121412,16.7575324233496,-0.011955246,0,1321.72938242506,0.184027398,0,0.00926599997093612,0.007723273,0,0,0.209468818,0
1803,2.24900772759022,0,0.024856862,0.010071225,0,0,0,0,0,105.0108,0,4271.7009,223.8621751,30.3006271869921,358.803802998549,0,0,0,0,0,0,2.75e-6,0,0,1.84e-4,0,0.673260716201765,9.749807905,7.50320141568841,61.5218933349424,5.75022406444238,16.5167601183237,-0.012194031,0,1305.00104051555,0.185179556,0,0.00814048368532494,0.007723273,0,0,0.213322441,0
1804,2.26894056029751,0,0.024856862,0.010071225,0,0,0,0,0,105.0121,0,4271.7691,224.1944871,30.3438544109383,359.699186368304,0,0,0,0,0,0,2.79e-6,0,0,1.88e-4,0,0.675653922758731,9.741521278,7.46779932932964,61.4882058527055,5.89903478511721,16.366540011572,-0.012432815,0,1309.82386025661,0.185566583,0,0.00881357744783279,0.007723273,0,0,0.21724696,0
1805,2.28888242099181,0,0.024856862,0.010071225,0,0,0,0,0,104.98963,0,4270.588,223.9081258,30.7030425098611,364.458170817415,0,0,0,0,0,0,2.82e-6,0,0,1.92e-4,0,0.684116753738557,9.733156654,7.6145156099758,62.4512533226592,5.85621106604784,16.7895277305829,-0.0126716,0,1332.12888253165,0.185696593,0,0.00862009704289086,0.007723273,0,0,0.221243678,0
1806,2.29895725759113,0,0.024856862,0.010071225,0,0,0,0,0,104.98239,0,4270.2074,224.0534145,30.7722065316922,364.486677370757,0,0,0,0,0,0,2.86e-6,0,0,1.96e-4,0,0.68421010508757,9.734330899,7.62131185271433,62.361684073876,5.90735299460253,16.6513216795605,-0.012910385,0,1335.87177095157,0.185740259,0,0.00906327391472084,0.007723273,0,0,0.225313924,0
1807,2.31821808595825,0,0.024856862,0.010071225,0,0,0,0,0,104.99423,0,4270.8298,224.1633351,30.9749794846052,367.364857111986,0,0,0,0,0,0,2.9e-6,0,0,2e-4,0,0.689733364260755,9.730606816,7.68248144184972,62.849431580693,5.95067082553097,16.8212143269862,-0.01314917,0,1352.31925682258,0.185754929,0,0.00940146877350613,0.007723273,0,0,0.229459052,0
1808,2.39283450877951,0,0.024856862,0.010071225,0,0,0,0,0,104.95199,0,4268.6094,223.5451847,31.5664257595538,380.197693842717,0,0,0,0,0,0,2.93e-6,0,0,2.04e-4,0,0.713365615666909,9.736518293,7.87026970321712,65.2370480066316,6.20393922961006,17.4418598302012,-0.013387954,0,1391.5343602819,0.185759857,0,0.00909722132812855,0.007723273,0,0,0.233680437,0
1809,2.35054984735959,0,0.024856862,0.010071225,0,0,0,0,0,104.979,0,4270.0292,224.1626395,31.3755036062219,372.997958030983,0,0,0,0,0,0,2.97e-6,0,0,2.08e-4,0,0.702245281002281,9.679999297,7.83606250191337,63.86911644579,6.00355947349933,17.1544923784223,-0.013626739,0,1368.99970576176,-3.365688134,0,0.00910307217821511,0.007723273,0,0,0.237979484,0
1810,2.36535401066961,0,0.024856862,0.010071225,0,0,0,0,0,104.93988,0,4267.9729,224.5616847,31.5481752419683,374.880817798954,0,0,0,0,0,0,3e-6,0,0,2.12e-4,0,0.706447653587272,9.699759623,7.87881765761054,64.1396307438363,6.03580057267592,17.2449758211029,-0.013865524,0,1377.22409106767,-2.313830028,0,0.00968428336302061,0.007723273,0,0,0.242357621,0
1811,2.34129592389837,0,0.024856862,0.010071225,0,0,0,0,0,104.96903,0,4269.505,225.3823927,31.3884529512634,369.411527478021,0,0,0,0,0,0,3.04e-6,0,0,2.17e-4,0,0.69765720443306,9.681346086,7.79586456464013,63.0003741991878,5.96941505059629,16.9149479030139,-0.014104308,0,1366.8710256664,-0.712301621,0,0.0102613574175468,0.007723273,0,0,0.246816304,0
1812,2.32008859954768,0,0.024856862,0.010071225,0,0,0,0,0,104.99029,0,4270.6225,225.7008012,31.2542974374585,364.710606766895,0,0,0,0,0,0,3.07e-6,0,0,2.21e-4,0,0.690306256135803,9.657923723,7.73128951664777,62.0328238290562,5.90324091396089,16.6623177224128,-0.014343093,0,1357.85275966244,-0.118562997,0,0.0106203082337813,0.007723273,0,0,0.251357013,0
1813,2.32725262150991,0,0.024856862,0.010071225,0,0,0,0,0,104.97005,0,4269.5589,225.5559773,31.4536117944727,366.041708162392,0,0,0,0,0,0,3.11e-6,0,0,2.25e-4,0,0.691708572288542,9.619859661,7.79651644323632,62.3176499223601,5.85398569372304,16.8056268996299,-0.014581878,0,1363.41025026956,0.083415406,0,0.0106784093572712,0.007723273,0,0,0.255981258,0
1814,2.39019085537223,0,0.024856862,0.010071225,0,0,0,0,0,104.93884,0,4267.9182,223.6538533,32.0648729650333,378.126984891294,0,0,0,0,0,0,3.14e-6,0,0,2.29e-4,0,0.714727982305087,9.61986869,8.01651948515724,64.6829477655544,6.0114228381213,17.4689951211816,-0.014820663,0,1411.95585452199,0.151377418,0,0.0109226486298058,0.007723273,0,0,0.260690576,0
1815,2.38898296592066,0,0.024856862,0.010071225,0,0,0,0,0,104.94955,0,4268.4808,224.5391908,32.0008154040829,375.713722156232,0,0,0,0,0,0,3.18e-6,0,0,2.33e-4,0,0.710049584358874,9.547891615,7.93721176008546,64.0673938112798,6.05854279994881,17.2430925682513,-0.015059447,0,1405.02545222478,-3.341804901,0,0.0112552919897423,0.007723273,0,0,0.265486531,0
1816,2.36597221966655,0,0.024856862,0.010071225,0,0,0,0,0,104.93504,0,4267.7184,224.4965767,32.0049606560049,371.760151892641,0,0,0,0,0,0,3.22e-6,0,0,2.37e-4,0,0.702393700660345,9.600083746,7.94383489536445,63.3458909938371,5.88381227620037,17.1567564134205,-0.015383422,0,1409.62669857681,-4.328813792,0,0.0121891148356983,0.007723273,0,0,0.270370719,0
1817,2.40412981195045,0,0.024856862,0.010071225,0,0,0,0,0,104.95336,0,4268.6815,225.3823316,32.2359508904282,376.568424412541,0,0,0,0,0,0,3.25e-6,0,0,2.41e-4,0,0.710595874841145,9.60469496,7.97371696420306,64.146749797552,6.05905845017716,17.2853697163167,-0.015754265,0,1429.76987551504,-1.519519756,0,0.0125746054554763,0.007723273,0,0,0.275344761,0
1818,2.44670449386131,0,0.024856862,0.010071225,0,0,0,0,0,104.94012,0,4267.9855,224.2789774,32.5466463519505,384.046244813138,0,0,0,0,0,0,3.29e-6,0,0,2.45e-4,0,0.727869133508511,9.599646377,8.05710537665561,65.4804020896235,6.25535925093939,17.625357879036,-0.016125107,0,1461.365523628,-0.39544552,0,0.012636648904617,0.007723273,0,0,0.280410312,0
1819,2.41841618907616,0,0.024856862,0.010071225,0,0,0,0,0,104.92235,0,4267.0511,223.9311341,32.5228616261354,378.446758494255,0,0,0,0,0,0,3.32e-6,0,0,2.49e-4,0,0.714664268832057,9.666599972,8.05041977243014,64.4745736307385,6.03130482748858,17.4474760481839,-0.016495949,0,1437.89292743167,-0.009852952,0,0.0127342110089161,0.007723273,0,0,0.285569054,0
1820,2.43848336892439,0,0.024856862,0.010071225,0,0,0,0,0,104.88909,0,4265.3029,223.1301503,32.8277628904413,382.536999955521,0,0,0,0,0,0,3.36e-6,0,0,2.53e-4,0,0.722266517484543,9.55644472,8.16104258545194,65.3004870142596,6.02319340622274,17.7531555819873,-0.016866791,0,1457.11972603593,0.120035717,0,0.0129255877485629,0.007723273,0,0,0.290822702,0
1821,2.45435229557906,0,0.024856862,0.010071225,0,0,0,0,0,104.93899,0,4267.9261,223.6893028,32.8996693082527,383.006069279181,0,0,0,0,0,0,3.4e-6,0,0,2.57e-4,0,0.724462925753177,9.579764514,8.1380971178574,65.2199913332933,6.13188756272916,17.6571349193034,-0.017237634,0,1462.81562263343,0.060375173,0,0.0131379395428867,0.007723273,0,0,0.296173002,0
1822,2.42743622627303,0,0.024856862,0.010071225,0,0,0,0,0,104.92104,0,4266.9822,224.3608126,32.9999246413295,378.761171365291,0,0,0,0,0,0,3.43e-6,0,0,2.61e-4,0,0.716108532076049,9.574458228,8.18657383005192,64.4679131778136,5.88750398619846,17.601974236771,-0.017608476,0,1456.25171050925,0.065432506,0,0.0136712170603365,0.007723273,0,0,0.301621733,0
1823,2.41125219701288,0,0.024856862,0.010071225,0,0,0,0,0,104.94096,0,4268.0293,224.5246017,32.9086998661334,374.438696102783,0,0,0,0,0,0,3.47e-6,0,0,2.65e-4,0,0.711629608146636,9.564242732,8.13073060979639,63.5093334056084,5.84788070755079,17.3463783147244,-0.017979318,0,1455.7049266915,-0.270067719,0,0.0144805774200584,0.007723273,0,0,0.307170704,0
1824,2.44405738905597,0,0.024856862,0.010071225,0,0,0,0,0,104.93425,0,4267.6765,224.574158,33.0852331074516,377.084130986793,0,0,0,0,0,0,3.5e-6,0,0,2.69e-4,0,0.716434648451661,9.510738647,8.12813853448567,63.8230281315807,6.0177933241485,17.2937339490476,-0.018354944,0,1470.63834963617,-0.029661384,0,0.0150753736312836,0.007723273,0,0,0.31282176,0
1825,2.45920266717694,0,0.024856862,0.010071225,0,0,0,0,0,104.91652,0,4266.7449,224.1022099,33.4320487575776,380.342253053186,0,0,0,0,0,0,3.54e-6,0,0,2.73e-4,0,0.722888920036184,9.442371357,8.24552842362837,64.4540101306739,5.95832004454325,17.6392444042395,-0.018762871,0,1493.40721762542,0.110565061,0,0.0155805976967885,0.007723273,0,0,0.318576779,0
1826,2.46146531168116,0,0.024856862,0.010071225,0,0,0,0,0,104.90841,0,4266.3186,223.9057096,33.5171280779854,378.838854295787,0,0,0,0,0,0,3.57e-6,0,0,2.77e-4,0,0.719747125488112,9.450260843,8.2497487531393,64.0924628455548,5.94642043735561,17.4595354555303,-0.019170797,0,1487.88579964702,0.160373955,0,0.0157620569149699,0.007723273,0,0,0.324437675,0
1827,2.49026056047743,0,0.024856862,0.010071225,0,0,0,0,0,104.91515,0,4266.6729,223.4496188,33.8038706327444,382.486845888468,0,0,0,0,0,0,3.61e-6,0,0,2.81e-4,0,0.726820922187917,9.477363026,8.30886041481679,64.6767866492283,6.02359445482228,17.6464200371156,-0.019578724,0,1520.21358716256,0.177228255,0,0.0169144316696893,0.007723273,0,0,0.330406393,0
1828,2.56891648213077,0,0.024856862,0.010071225,0,0,0,0,0,104.87222,0,4264.4159,222.6037314,34.5027226325441,396.003331583038,0,0,0,0,0,0,3.64e-6,0,0,2.85e-4,0,0.75156948187161,9.543004944,8.52162319815748,67.2048025395024,6.25888499218162,18.3367380490856,-0.01998665,0,1571.5905477753,0.182895388,0,0.0171029542155542,0.007723273,0,0,0.336484919,0
1829,2.53118701510908,0,0.024856862,0.010071225,0,0,0,0,0,104.90025,0,4265.8895,222.739262,34.3649347996488,389.194583900221,0,0,0,0,0,0,3.68e-6,0,0,2.89e-4,0,0.741510913884493,9.522797648,8.48408922511198,65.8801677941908,6.0813782681981,18.0582690338984,-0.020394577,0,1553.46657805359,0.184799294,0,0.0171308721264792,0.007723273,0,0,0.342675273,0
1830,2.55792983140915,0,0.024856862,0.010071225,0,0,0,0,0,104.8667,0,4264.1256,222.3608927,34.6923553056517,392.023838790396,0,0,0,0,0,0,3.72e-6,0,0,2.93e-4,0,0.747310086771232,9.521556333,8.53240420884769,66.2592485905121,6.13399358380877,18.1850445116015,-0.020802503,0,1654.70137309233,0.185438847,0,0.0226573329596866,0.007723273,0,0,0.348979511,0
1831,2.52091842725636,0,0.024856862,0.010071225,0,0,0,0,0,104.89174,0,4265.442,222.581435,34.5056162102787,384.099818404964,0,0,0,0,0,0,3.75e-6,0,0,2.97e-4,0,0.73428168909396,9.486685606,8.44093573664249,64.6614337455943,5.99478729040791,17.7582256168367,-0.02121043,0,1612.52436618289,-2.244740601,0,0.0216252170956015,0.007723273,0,0,0.355399729,0
1832,2.51906871893781,0,0.024856862,0.010071225,0,0,0,0,0,104.90924,0,4266.362,222.4759236,34.5532127024393,382.262949636784,0,0,0,0,0,0,3.79e-6,0,0,3.01e-4,0,0.732334228567639,9.326694658,8.41779421750808,64.2041821257108,5.99342796828188,17.6314305199965,-0.021652684,0,1613.81862331189,-1.498768211,0,0.0219518168140213,0.007723273,0,0,0.36193806,0
1833,2.52782603005524,0,0.024856862,0.010070485,0,0,0,0,0,104.89175,0,4265.4426,221.4786726,34.8303036397585,383.364125602299,0,0,0,0,0,0,3.82e-6,0,0,3.05e-4,0,0.733623444519249,9.33820692,8.4923326390981,64.4111210408723,5.9291609729792,17.7683568669995,-0.02214929,0,1626.20716649304,-0.419484544,0,0.0224461192736582,0.007723273,0,0,0.368596678,0
1834,2.5884012881218,0,0.024856862,0.010071964,0,0,0,0,0,104.854,0,4263.4584,221.4344961,35.4685622129472,394.05952539437,0,0,0,0,0,0,3.86e-6,0,0,3.09e-4,0,0.75472203666314,8.917762649,8.69908650101556,66.4593415995183,6.05694560485428,18.3695488443172,-0.022645896,0,1671.01202833314,-0.019337182,0,0.022983607856388,0.007723273,0,0,0.375377795,0
1835,2.58605489159405,0,0.024856862,0.010071225,0,0,0,0,0,104.8698,0,4264.2887,221.3913162,35.4375936462613,390.433916549938,0,0,0,0,0,0,3.9e-6,0,0,3.13e-4,0,0.747987981556421,9.017148478,8.61901206786772,65.5957718091099,6.0702550499319,18.0950017213528,-0.023142501,0,1667.50025153531,-1.66336253,0,0.0234853330054142,0.007723273,0,0,0.382283665,0
1836,2.58948247044141,0,0.024856862,0.010071225,0,0,0,0,0,104.84901,0,4263.1961,219.6708863,35.7145903014712,389.806423491328,0,0,0,0,0,0,3.93e-6,0,0,3.17e-4,0,0.745699847744771,9.054928005,8.68244608075788,65.452759711663,5.9426468822127,18.1696741359062,-0.023639107,0,1730.97006274979,-1.06772528,0,0.0273299466438132,0.007723273,0,0,0.389316584,0
1837,2.63058535379149,0,0.024856862,0.010071225,0,0,0,0,0,104.86946,0,4264.2707,218.5291482,35.9936946540017,394.594828453902,0,0,0,0,0,0,3.97e-6,0,0,3.21e-4,0,0.755210717413358,9.256177743,8.71245580177968,66.2033150540999,6.13020928195015,18.298836596288,-0.024135713,0,1745.30254153296,-0.264059121,0,0.0273904232787842,0.007723273,0,0,0.396478888,0
1838,2.67307302869126,0,0.024856862,0.010071225,0,0,0,0,0,104.85548,0,4263.5362,217.3068101,36.3796690661534,401.143650413155,0,0,0,0,0,0,4e-6,0,0,3.25e-4,0,0.769965653328897,9.602990789,8.80395933668027,67.3398254914489,6.28525919556253,18.5977022878503,-0.024632319,0,1787.27935445443,0.033355019,0,0.0283717592951575,0.007723273,0,0,0.403772957,0
1839,2.65320452775227,0,0.024856862,0.010071225,0,0,0,0,0,104.83788,0,4262.6108,217.45681,36.4832604417432,396.738481797498,0,0,0,0,0,0,4.04e-6,0,0,3.29e-4,0,0.759554838931649,9.592568395,8.81693258006738,66.5115501588765,6.089214866559,18.4711662770426,-0.025128925,0,1790.5702572822,0.134507634,0,0.0294449814003838,0.007723273,0,0,0.411201217,0
1840,2.64888735906568,0,0.024856862,0.010071225,0,0,0,0,0,104.80755,0,4261.0163,218.2964846,36.7061310764924,395.660861933685,0,0,0,0,0,0,4.07e-6,0,0,3.33e-4,0,0.757717637468845,9.342004095,8.88459478316079,66.3305023260679,5.94568134716424,18.5498050419863,-0.025625531,0,1816.13792107492,0.168542631,0,0.0311123502292686,0.007723273,0,0,0.418766135,0
1841,2.70247633476329,0,0.024856862,0.010071225,0,0,0,0,0,104.84789,0,4263.137,218.4623987,37.0587747334633,402.164670180832,0,0,0,0,0,0,4.11e-6,0,0,3.37e-4,0,0.771399206812531,9.089353148,8.91913977625155,67.3604884454285,6.19817645610174,18.7331440199579,-0.026145023,0,1856.14897221286,0.179977936,0,0.0322323851457181,0.007723273,0,0,0.426470225,0
1842,2.66691882377995,0,0.024856862,0.010070485,0,0,0,0,0,104.84034,0,4262.7403,219.1356623,37.1600995335167,396.778974982382,0,0,0,0,0,0,4.14e-6,0,0,3.41e-4,0,0.761100484801983,9.093914174,8.92740974522596,66.3392725919324,5.95979486472583,18.5888290715491,-0.026688925,0,1868.56713830812,0.183819296,0,0.0340031142041615,0.007723273,0,0,0.434316049,0
1843,2.63495880857987,0,0.024856862,0.010071964,0,0,0,0,0,104.85726,0,4263.6297,221.0919457,37.0409964967686,389.491699303365,0,0,0,0,0,0,4.18e-6,0,0,3.45e-4,0,0.750616726317989,9.717587775,8.84811174886267,64.8466397633655,5.82134704614785,18.2274315216913,-0.027232827,0,1871.3919317538,0.185109659,0,0.0351389203671301,0.007723273,0,0,0.442306214,0
1844,2.67368412178365,0,0.024856862,0.010071225,0,0,0,0,0,104.85117,0,4263.3094,222.8971751,37.2910442285068,392.416773300389,0,0,0,0,0,0,4.22e-6,0,0,3.49e-4,0,0.756117721175881,9.78950086,8.83748701758616,65.190360545793,6.00226075368023,18.2004014521048,-0.027776729,0,1923.47321091821,0.1855431,0,0.0374224054047469,0.007723273,0,0,0.450443374,0
1845,2.70705797214338,0,0.024856862,0.010071225,0,0,0,0,0,104.83257,0,4262.3319,222.2459557,37.7988148074217,397.498546496377,0,0,0,0,0,0,4.25e-6,0,0,3.53e-4,0,0.765549643679975,9.54981632,8.96299005870639,66.1188187651789,5.98646092819102,18.6305539464441,-0.028320631,0,2008.15795433088,0.185688705,0,0.0408189488281865,0.007723273,0,0,0.458730235,0
1846,2.71307824315184,0,0.024856862,0.010071225,0,0,0,0,0,104.82423,0,4261.8933,221.2473209,37.9030498537212,395.547861786347,0,0,0,0,0,0,4.29e-6,0,0,3.57e-4,0,0.762083156977688,10.01378682,8.95397844076816,65.6810855154469,5.97461765156561,18.441338528088,-0.028864533,0,2000.88800817723,0.003535562,0,0.0417202415071368,0.007723273,0,0,0.46716955,0
1847,2.77008901522881,0,0.024856862,0.010071225,0,0,0,0,0,104.82758,0,4262.0693,218.2380444,38.4167699406403,402.606675265619,0,0,0,0,0,0,4.32e-6,0,0,3.61e-4,0,0.774858746297073,9.977428252,9.0499207991288,66.8904494706006,6.11321066504896,18.8167574897179,-0.029408436,0,2096.49522984527,0.059861508,0,0.045539422687598,0.007723273,0,0,0.475764124,0
1848,2.83192625889808,1.49e-5,0.024856862,0.010070485,0,0,0,0,0,104.78829,0,4260.004,215.7352226,39.0531768974206,413.203371175253,0,0,0,0,0,0,4.36e-6,0,0,3.65e-4,0,0.794343795883304,9.921397188,9.21781007194171,68.8564299172047,6.29162559807932,19.3690975886781,-0.029952338,0,2168.92392660289,0.140529989,0,0.0462903583370263,0.007723273,0,0,0.484516814,0
1849,2.81340004054572,1.2e-4,0.024856862,0.010071964,0,0,0,0,0,104.81678,0,4261.5016,215.6349888,39.077773308576504,408.598818838873,0,0,0,0,0,0,4.39e-6,0,0,3.69e-4,0,0.787909080070712,9.903278632,9.18420984713763,67.8921164679214,6.18668081817721,19.1551839567316,-0.030553012,0,2202.69039838503,0.170434577,0,0.0487349695107929,0.007723273,0,0,0.493430528,0
1850,2.83803393479962,2.25e-4,0.024856862,0.010071225,0,0,0,0,0,104.93295,0,4267.6083,214.7992015,39.4351258768524,411.160240397662,0,0,0,0,0,0,4.44e-6,0,0,3.74e-4,0,0.793394343648964,9.88973292,9.24140850082756,68.2579443095486,6.20110206326064,19.318774991816,-0.03125688,0,2216.95407656609,0.180745975,0,0.0521699134017164,0.007723273,0,0,0.502508228,0
1851,2.79931376203414,2.41e-4,0.024856862,0.010071225,0,0,0,0,0,104.96457,0,4269.2706,215.5178395,39.2901289801234,401.917702906338,0,0,0,0,0,0,4.48e-6,0,0,3.78e-4,0,0.778598160743971,9.913118475,9.11291090116315,66.4178157849569,6.06651879991335,18.8213601924483,-0.031960748,0,2195.02379895644,0.184312799,0,0.0527341476880347,0.007723273,0,0,0.494656367,0
1852,2.78643199537604,2.42e-4,0.024856862,0.010071225,0,0,0,0,0,104.98199,0,4270.1861,217.1607358,39.3680833722553,397.114540884177,0,0,0,0,0,0,4.51e-6,0,0,3.83e-4,0,0.770805537358347,9.912059789,9.05607412863326,65.4240874227603,5.98467347947303,18.5830432731945,-0.032664616,0,2213.20626799565,0.17954034,0,0.055233345517202,0.007723273,0,0,0.550685869,0
1853,2.81315720964326,2.43e-4,0.024856862,0.010071225,0,0,0,0,0,104.9693,0,4269.5191,218.024625,39.8043912505559,399.897105209075,0,0,0,0,0,0,4.55e-6,0,0,3.87e-4,0,0.775900812108652,10.01280274,9.12174194241818,65.9112542000047,5.9979951472305,18.7753520107975,-0.033368484,0,2258.28792446752,0.015887254,0,0.0580675172356447,0.007723273,0,0,0.548631086,0
1854,2.90081650603419,2.44e-4,0.024856862,0.010071225,0,0,0,0,0,104.9226,0,4267.0641,217.1366531,40.7691243568566,412.783096899241,0,0,0,0,0,0,4.58e-6,0,0,3.9e-4,0,0.799439982586064,10.02285129,9.33459721774259,68.2696086394359,6.1708904217153,19.4687667476933,-0.034072352,0,2453.97156773505,-0.014112612,0,0.0677065720469565,0.007723273,0,0,0.546739774,0
1855,2.89039830636999,2.45e-4,0.024856862,0.010070485,0,0,0,0,0,104.95064,0,4268.5385,218.3358592,40.7810578567794,407.429251395282,0,0,0,0,0,0,4.62e-6,0,0,3.95e-4,0,0.789740012753841,10.05799734,9.2306958148891,67.117033329087,6.14628850603901,19.1313213670789,-0.03477622,0,2451.7392577642,0.112948595,0,0.0688015639087667,0.007723273,0,0,0.543758287,0
1856,2.87817241883381,2.47e-4,0.024856862,0.010071964,0,0,0,0,0,104.92886,0,4267.3934,217.8978673,41.0809166461471,404.125310121339,0,0,0,0,0,0,4.65e-6,0,0,3.98e-4,0,0.782266263132428,10.06080936,9.26788853155552,66.5113020709943,5.94206106302066,19.1080411725322,-0.035480088,0,2525.26107242027,0.122255611,0,0.0733437051519429,0.007723273,0,0,0.549725266,0
1857,2.94950844095598,2.49e-4,0.024856862,0.010071225,0,0,0,0,0,104.94976,0,4268.4922,217.9581046,41.6294919748431,414.012182028564,0,0,0,0,0,0,4.69e-6,0,0,4.03e-4,0,0.802208937607439,10.00584835,9.33361301212043,68.1998711139286,6.27481849634844,19.4610566859711,-0.036183956,0,2582.57519710412,-0.044823331,0,0.0742009790001442,0.007723273,0,0,0.555060913,0
1858,2.98151872357679,2.51e-4,0.024856862,0.010071225,0,0,0,0,0,104.93987,0,4267.9722,218.4170722,42.0133179119284,418.431310201856,0,0,0,0,0,0,4.73e-6,0,0,4.07e-4,0,0.81310671949119,9.927754416,9.38614047485215,68.9453702766433,6.39870689332558,19.6642921258501,-0.036887825,0,2629.70202351391,0.086287826,0,0.07575814753996,0.007723273,0,0,0.55973691,0
1859,2.97796327200596,2.53e-4,0.024856862,0.010071225,0,0,0,0,0,104.91443,0,4266.635,218.7539817,42.3627434045248,415.723876274994,0,0,0,0,0,0,4.76e-6,0,0,4.1e-4,0,0.804642032217684,10.20476043,9.42420034423195,68.4353939969196,6.20909787229122,19.6508767271439,-0.037591693,0,2724.60375536734,0.153503429,0,0.0802297642519739,0.007723273,0,0,0.567385369,0
1860,2.98671173471468,2.55e-4,0.024856862,0.010810676,0,0,0,0,0,104.89112,0,4265.4096,218.3543399,42.777997404017,415.48573321231,0,0,0,0,0,0,4.79e-6,0,0,4.14e-4,0,0.804179459556639,10.31190385,9.47359166967903,68.3346052332641,6.11133723115395,19.7367110126853,-0.038295561,0,2858.03264038594,0.176769374,0,0.087775529169999,0.007723273,0,0,0.57190571,0
1861,3.01236165823798,2.57e-4,0.024856862,0.010810691,0,0,0,0,0,104.94268,0,4268.1198,218.5503077,43.0997595429171,416.676246847583,0,0,0,0,0,0,4.83e-6,0,0,4.19e-4,0,0.809097469504354,10.42584389,9.45178926562044,68.3798217204997,6.2610601493231,19.6492938699331,-0.038999429,0,2929.79969322912,0.116236223,0,0.0924334651863864,0.007723273,0,0,0.583095346,0
1862,2.99529000858501,2.6e-4,0.024856862,0.010071254,0,0,0,0,0,104.93302,0,4267.612,219.5763546,43.3910464283434,413.566785033247,0,0,0,0,0,0,4.87e-6,0,0,4.23e-4,0,0.804630817655365,10.39188221,9.50304471771198,67.8529609179815,6.07857429851877,19.6347361932224,-0.039703297,0,2941.53090805802,-0.623799831,0,0.0944936947026102,0.007723273,0,0,0.522956563,0
1863,2.9710924406714,2.62e-4,0.024856862,0.010071254,0,0,0,0,0,104.9509,0,4268.552,221.234392,43.4626351557732,406.723826026304,0,0,0,0,0,0,4.9099999999999996e-06,0,0,4.27e-4,0,0.796323725081026,10.29530834,9.42899980700122,66.4093173384147,5.96396049558315,19.2829761714229,-0.040407165,0,3051.4659641832,-0.258572909,0,0.100739865606764,0.007723273,0,0,0.523134297,0
1864,3.01459738961169,2.65e-4,0.024856862,0.010071254,0,0,0,0,0,104.94467,0,4268.2247,221.9152779,43.9286890142503,409.862810879176,0,0,0,0,0,0,4.94e-6,0,0,4.31e-4,0,0.802835748232022,10.26989834,9.4366087276854,66.800430488384393,6.13457898053512,19.2915563405777,-0.041111033,0,3200.3238202263,0.037999846,0,0.10835931727207,0.007723273,0,0,0.523481383,0
1865,3.07253162209082,2.68e-4,0.024856862,0.010810706,0,0,0,0,0,104.93017,0,4267.4623,220.5911797,44.7441148501342,419.067084806203,0,0,0,0,0,0,4.98e-6,0,0,4.35e-4,0,0.821046946713842,10.32588569,9.61249615398662,68.5164508114092,6.23699746783702,19.872113866808,-0.041814901,0,3349.5946704109,0.142928868,0,0.115115765314535,0.007723273,0,0,0.524250384,0
1866,3.06822659287102,2.71e-4,0.024856862,0.01081072,0,0,0,0,0,104.92398,0,4267.1368,221.224368,44.9741871207674,415.694640767929,0,0,0,0,0,0,5.01e-6,0,0,4.39e-4,0,0.815992780756628,10.36815426,9.5917719655098,67.7924251307181,6.19598791796099,19.6346478328831,-0.04251877,0,3405.14876041877,0.174410474,0,0.11880893886989,0.007723273,0,0,0.524386363,0
1867,3.12300989406607,2.74e-4,0.024856862,0.010070544,0,0,0,0,0,104.93094,0,4267.5026,221.0651547,45.6349306324093,422.849900927325,0,0,0,0,0,0,5.05e-6,0,0,4.43e-4,0,0.830617928052065,10.35768758,9.70705155326105,69.0651904629251,6.33812880299536,19.9859997257943,-0.043222638,0,3602.90963667447,0.184669175,0,0.127171982114027,0.007723273,0,0,0.522876455,0
1868,3.19210549272348,2.77e-4,0.024856862,0.010072023,0,0,0,0,0,104.89186,0,4265.4483,219.1390709,46.382217581968,433.408531160939,0,0,0,0,0,0,5.08e-6,0,0,4.47e-4,0,0.851684888445429,10.42314338,9.87793690759797,71.0386897502108,6.53876408310307,20.5232009647166,-0.043926506,0,3723.9925839427,0.188148666,0,0.130789669236079,0.007723273,0,0,0.521415398,0
1869,3.157895695269,2.81e-4,0.024856862,0.010810735,0,0,0,0,0,104.93014,0,4267.4609,218.5556506,46.4262682701126,424.791937408828,0,0,0,0,0,0,5.12e-6,0,0,4.51e-4,0,0.838758341813052,10.38910096,9.80794745726874,69.3179917955856,6.35064234048898,20.1225416713427,-0.044971756,0,3861.47333914338,0.189412365,0,0.138742414476682,0.007723273,0,0,0.519770898,0
1870,3.20799719005936,2.84e-4,0.024856862,0.01081075,0,0,0,0,0,104.89317,0,4265.5174,216.2102295,47.0149188007021,431.516276036192,0,0,0,0,0,0,5.15e-6,0,0,4.55e-4,0,0.853550853754125,10.34003004,9.92271184200455,70.5094940614347,6.46698117633241,20.5023474850914,-0.046232619,0,3965.77186098565,0.18995084,0,0.142067366431604,0.007723273,0,0,0.51867186,0
1871,3.17783025052081,2.88e-4,0.024856862,0.010071314,0,0,0,0,0,104.92871,0,4267.3856,214.4450536,47.1099211278077,423.465001303206,0,0,0,0,0,0,5.19e-6,0,0,4.59e-4,0,0.842626728511759,10.45362888,9.84085715027118,68.827614104831,6.37923160725024,20.0040915035142,-0.047493482,0,4152.62809482233,0.190250397,0,0.15170182315702,0.007723273,0,0,0.538815215,0
1872,3.16732906922374,2.92e-4,0.024856862,0.010810765,0,0,0,0,0,104.95075,0,4268.5441,213.562064,47.3926567978286,416.71384419919,0,0,0,0,0,0,5.23e-6,0,0,4.63e-4,0,0.831967525870689,10.40567614,9.80532386978454,67.3230496260217,6.22967081759897,19.6495418091203,-0.048754345,0,4439.57828258776,0.188834316,0,0.168278978055519,0.007723273,0,0,0.624237802,0
1873,3.24176117747208,2.96e-4,0.024856862,0.01081078,0,0,0,0,0,104.93223,0,4267.5705,211.1518386,48.3700410024695,428.343123790718,0,0,0,0,0,0,5.26e-6,0,0,4.67e-4,0,0.855012317307689,10.37496147,10.0287807927413,69.4801236365616,6.42692851692587,20.2297111357766,-0.050015207,0,4701.4137566559,-0.015830031,0,0.179080702072969,0.007723273,0,0,0.635197776,0
1874,3.26877322166074,3e-4,0.024856862,0.010810794,0,0,0,0,0,104.88493,0,4265.0843,211.8080079,48.8649697071221,435.125423848431,0,0,0,0,0,0,5.3e-6,0,0,4.71e-4,0,0.872850714006377,10.32489394,10.205191074663,70.8682131849971,6.53865409122167,20.6094338395318,-0.05127607,0,4648.79181734609,0.101375665,0,0.174259755546776,0.007723273,0,0,0.642458922,0
1875,3.2353174809503,3.05e-4,0.024856862,0.010810809,0,0,0,0,0,104.93101,0,4267.5065,212.0669172,49.0006697841108,426.101539321708,0,0,0,0,0,0,5.33e-6,0,0,4.75e-4,0,0.858291999656222,10.31515025,10.1051403436196,68.9986231057587,6.42631243400992,20.051796354866,-0.052536933,0,4845.16594296374,0.118986332,0,0.183477840181911,0.007723273,0,0,0.650321509,0
1876,3.2450285643689,3.09e-4,0.024856862,0.010810824,0,0,0,0,0,104.90175,0,4265.968,210.3239262,49.5464246047129,428.647144679341,0,0,0,0,0,0,5.37e-6,0,0,4.79e-4,0,0.864786559091722,10.19973667,10.2622417474044,69.5977398599164,6.36994162331442,20.3010358956989,-0.053797796,0,4954.2700751677,0.130107324,0,0.187259402667665,0.007723273,0,0,0.65804039,0
1877,3.28516890739446,3.14e-4,0.024856862,0.010810839,0,0,0,0,0,104.92824,0,4267.3608,209.9796001,50.0070691378381,433.258388415375,0,0,0,0,0,0,5.41e-6,0,0,4.83e-4,0,0.877593606975147,10.07529322,10.3160444056035,70.3010563452176,6.58094842543855,20.3916936703889,-0.0550443,0,5094.48323111749,0.169607247,0,0.19158702170385,0.007723273,0,0,0.664694086,0
1878,3.30999654426565,3.19e-4,0.024856862,0.010810853,0,0,0,0,0,104.92472,0,4267.1759,209.8759958,50.4550693910381,437.25973494095,0,0,0,0,0,0,5.44e-6,0,0,4.87e-4,0,0.890559987131626,10.09791797,10.407027763778,71.0148380434617,6.71823090252317,20.5340904843005,-0.056156827,0,5158.08202657978,0.184410743,0,0.19413942858376,0.007723273,0,0,0.671585762,0
1879,3.34085243826198,3.23e-4,0.024856862,0.010810868,0,0,0,0,0,104.88028,0,4264.8396,209.8530065,51.1665459851549,440.310230204384,0,0,0,0,0,0,5.47e-6,0,0,4.91e-4,0,0.894220172801452,10.04842418,10.5781858140919,71.6141172577915,6.62275411019156,20.8035382580056,-0.057269353,0,5452.89139172347,0.188659304,0,0.208465344183044,0.007723273,0,0,0.678615294,0
1880,3.33809812541966,3.29e-4,0.024856862,0.010810144,0,0,0,0,0,104.88174,0,4264.9162,210.4198309,51.6359665187938,436.574990687422,0,0,0,0,0,0,5.51e-6,0,0,4.95e-4,0,0.889694361897814,10.04436367,10.5960470367762,70.7261309741671,6.51115880568862,20.65103866692,-0.05838188,0,5931.02980034213,0.15238703,0,0.235936670623756,0.007723273,0,0,0.684857424,0
1881,3.37855946618028,3.34e-4,0.024856862,0.011551088,0,0,0,0,0,104.92914,0,4267.4079,209.662199,52.2546225831256,440.245749345976,0,0,0,0,0,0,5.55e-6,0,0,4.99e-4,0,0.901534744694607,9.931097917,10.6478213507149,71.2455910231106,6.72333578288272,20.6482993262802,-0.059494407,0,6143.69716109302,0.148042519,0,0.241718969521834,0.007723273,0,0,0.722626203,0
1882,3.36215039579621,3.39e-4,0.024856862,0.011550379,0,0,0,0,0,104.92759,0,4267.3266,209.2963522,52.7146512156507,435.401889704415,0,0,0,0,0,0,5.59e-6,0,0,5.04e-4,0,0.895007193216402,9.941133256,10.7033520070333,70.2729097120823,6.52450422204252,20.4821790909688,-0.060606933,0,6405.59046004045,0.187436202,0,0.255257557703944,0.007723273,0,0,0.674378608,0
1883,3.33641606006985,3.45e-4,0.024856862,0.010810957,0,0,0,0,0,104.95902,0,4268.979,209.79145689999999,52.9549971283122,427.562184150165,0,0,0,0,0,0,5.62e-6,0,0,5.08e-4,0,0.886773347804045,9.905141162,10.6484475030905,68.5723722603786,6.41024513170959,20.0348471168669,-0.06171946,0,6714.47027549744,-0.324594054,0,0.271096853111431,0.007723273,0,0,0.681454028,0
1884,3.39504286277425,3.5e-4,0.024856862,0.010810972,0,0,0,0,0,104.93535,0,4267.7345,209.3926406,53.6812122431729,436.044403016905,0,0,0,0,0,0,5.66e-6,0,0,5.12e-4,0,0.906603619437452,9.898549838,10.7987054221437,70.0983758377018,6.65705585628238,20.3354305031858,-0.062831987,0,6834.49667857427,-1.815061861,0,0.274852280507526,0.007723273,0,0,0.684683542,0
1885,3.40095349205376,3.56e-4,0.024856862,0.011550438,0,0,0,0,0,104.93798,0,4267.8727,209.7118753,54.2316247974071,437.753492864159,0,0,0,0,0,0,5.69e-6,0,0,5.16e-4,0,0.914590915945938,9.877108697,10.9260740020637,70.4505265211667,6.631580612476,20.529560395755,-0.063944514,0,6889.93437710246,-0.642019714,0,0.278005872891707,0.007723273,0,0,0.690863781,0
1886,3.4098977158781,3.62e-4,0.024856862,0.011550467,0,0,0,0,0,104.9357,0,4267.7531,209.3233344,54.6697274596061,437.517206350063,0,0,0,0,0,0,5.73e-6,0,0,5.2e-4,0,0.918202294401444,9.828189993,10.9864833651878,70.3663305937929,6.69003568621905,20.3860899364079,-0.06519373,0,6950.77260482983,-0.085245382,0,0.283459515553772,0.007723273,0,0,0.691934912,0
1887,3.45284448591276,3.68e-4,0.024856862,0.011550497,0,0,0,0,0,104.94903,0,4268.4538,209.4020805,55.4626018178297,442.804738521126,0,0,0,0,0,0,5.77e-6,0,0,5.24e-4,0,0.931893346039222,9.922041068,11.1238705785421,71.2891842762083,6.80632895048471,20.6433167413875,-0.066541645,0,7217.03792603968,-0.025019475,0,0.29822061624725,0.007723273,0,0,0.691885463,0
1888,3.53892343912775,3.74e-4,0.024856862,0.011550526,0,0,0,0,0,104.91459,0,4266.6433,208.1931016,56.5863034138936,452.374238212708,0,0,0,0,0,0,5.8e-6,0,0,5.28e-4,0,0.951768658346337,9.800265799,11.3281656399408,72.8687291884376,6.96297328612292,21.1067306596177,-0.067889559,0,7872.98812639706,0.135007303,0,0.329281816838415,0.007723273,0,0,0.691539784,0
1889,3.51159087583235,3.81e-4,0.024856862,0.011550556,0,0,0,0,0,104.95877,0,4268.9657,208.9035657,56.8740566978019,448.485919109852,0,0,0,0,0,0,5.84e-6,0,0,5.32e-4,0,0.952747196461867,9.921741829,11.3495579734452,72.1939062405142,6.94861870343024,20.8623803143084,-0.069237474,0,7882.48784173505,0.185818909,0,0.329456307862184,0.007723273,0,0,0.691049208,0
1890,3.57255167791332,3.87e-4,0.024856862,0.011550586,0,0,0,0,0,104.9317,0,4267.5425,208.3430023,57.8102150941011,454.066133085684,0,0,0,0,0,0,5.87e-6,0,0,5.36e-4,0,0.971758902098533,9.761913109,11.4843007751379,72.9759708567009,7.04695443471959,21.093884960303,-0.070585389,0,8468.73396575751,0.070301587,0,0.357506876651395,0.007723273,0,0,0.68776294,0
1891,3.54133157954003,3.94e-4,0.024856862,0.011550615,0,0,0,0,0,104.97344,0,4269.7366,209.0623719,57.942704441849,444.895988291358,0,0,0,0,0,0,5.91e-6,0,0,5.4e-4,0,0.960183191738323,9.715297282,11.4095537191218,71.0385287266482,6.93389165273211,20.5172505277881,-0.071933303,0,8811.87268932738,-0.102313757,0,0.374215487007775,0.007723273,0,0,0.684411407,0
1892,3.52600050203596,4.01e-4,0.024856862,0.011550645,0,0,0,0,0,104.99082,0,4270.6504,210.7350582,58.1093804294583,440.566451646872,0,0,0,0,0,0,5.95e-6,0,0,5.45e-4,0,0.95778799770726,9.807617353,11.4367119982477,70.1424851234028,6.8517284140214,20.2669252965993,-0.073281218,0,8956.05736555408,0.077630856,0,0.378161150009683,0.007723273,0,0,0.69893132,0
1893,3.54042856221614,4.08e-4,0.024856862,0.012290126,0,0,0,0,0,104.97994,0,4270.0783,209.7900738,58.5465343048931,444.354483461496,0,0,0,0,0,0,5.99e-6,0,0,5.49e-4,0,0.970898335907373,9.881442799,11.6039934782723,70.9492776935881,6.88354372832321,20.4966690293253,-0.074629132,0,8901.51038824117,0.186415602,0,0.375623247481459,0.007723273,0,0,0.699713125,0
1894,3.61362217520381,4.15e-4,0.024856862,0.01229017,0,0,0,0,0,104.93101,0,4267.5063,207.1291233,59.665277862733,457.531525899562,0,0,0,0,0,0,6.02e-6,0,0,5.52e-4,0,1.00216747256531,9.983824109,11.8752761412874,73.4664314424942,7.14189485673659,21.1463536866045,-0.075977047,0,9247.03626129922,0.192842999,0,0.388954833337047,0.007723273,0,0,0.715581396,0
1895,3.63282077750484,4.22e-4,0.024856862,0.011550763,0,0,0,0,0,104.96751,0,4269.4251,205.9802866,60.1282634593826,454.830160154661,0,0,0,0,0,0,6.06e-6,0,0,5.57e-4,0,0.999952919886357,10.01170584,11.8735566564803,72.6844395717762,7.16600459432404,20.8423759072927,-0.077280337,0,9732.26716389863,0.193091045,0,0.412287364205615,0.007723273,0,0,0.720945096,0
1896,3.57918716471679,4.3e-4,0.024856862,0.012290244,0,0,0,0,0,104.96751,0,4269.4252,202.6495904,60.3759912816311,444.989977973576,0,0,0,0,0,0,6.09e-6,0,0,5.61e-4,0,0.987014666040234,9.842721582,11.9086939518676,70.9880894665582,6.87343711638123,20.4867871116323,-0.078562376,0,10028.4978313104,0.193183461,0,0.42538848254521,0.007723273,0,0,0.723440788,0
1897,3.67154727526111,4.37e-4,0.024856862,0.012290288,0,0,0,0,0,104.99693,0,4270.9718,201.3537432,61.3426526264809,457.098171874671,0,0,0,0,0,0,6.13e-6,0,0,5.65e-4,0,1.01715975161048,9.855479717,12.0654407608261,73.1126050137761,7.30486205969286,20.8859636592329,-0.079844415,0,10516.3562479064,0.193224412,0,0.444743290592456,0.007723273,0,0,0.725878271,0
1898,3.69758332945808,4.45e-4,0.02485618,0.012290333,0,0,0,0,0,105.01512,0,4271.9281,204.3027769,61.904560840858,457.251801331028,0,0,0,0,0,0,6.17e-6,0,0,5.69e-4,0,1.02480262171129,9.850128604,12.1213318806545,72.9983652398709,7.38779925703341,20.8028910076009,-0.081126454,0,11079.8814254299,0.193244382,0,0.468391807288162,0.007723236,0,0,0.72837657,0
1899,3.75900200325339,4.86e-4,0.024857703,0.012290377,0,0,0,0,0,104.97653,0,4269.8993,204.6749636,63.0886705164198,462.694423140439,0,0,0,0,0,0,6.2e-6,0,0,5.73e-4,0,1.03458961563081,10.00331713,12.3564357504504,73.9484939109876,7.33373840828903,21.1706240512719,-0.082408493,0,12018.0561516635,0.19325204,0,0.509371353502424,0.007723233,0,0,0.728556158,0
1900,3.76194465913489,0.002392668,0.024856437,0.028558348,0,0,0,0,0,104.98481,0,4270.3344,204.6543119,63.7031139527497,460.153826724073,0,0,0,0,0,0,6.24e-6,0,0,5.77e-4,0,1.03700811711113,10.00428215,12.4136701194331,73.416602760652,7.30269082850169,21.051423182862,-0.08385969,0,12585.6725251025,0.193249677,0,0.536545976399919,0.007723268,0,0,0.73057236,0
1901,3.78324060232923,0.004820097,0.024857442,0.047784449,0,0,0,0,0,105.04131,0,4273.3046,204.8764706,64.0714467210859,458.744310555661,0,0,0,0,0,0,6.28e-6,0,0,5.82e-4,0,1.04071032234541,10.06401591,12.4224685336124,73.0805136233098,7.44184959589278,20.7842458596065,-0.085797378,0,13065.2030151365,0.193161684,0,0.555984547075912,0.007723268,0,0,0.796906313,0
1902,3.7772900577746,0.005778122,0.024856062,0.050743008,0,0,0,0,0,105.04898,0,4273.708,206.7199754,64.4746915489884,456.161737352977,0,0,0,0,0,0,6.32e-6,0,0,5.86e-4,0,1.04159557249072,10.48750511,12.5181924014073,72.6557733387074,7.37035393481788,20.6410592013856,-0.087735066,0,13428.0427978181,0.09059744,0,0.571237133813602,0.007723268,0,0,0.800278636,0
1903,3.79798648555417,0.006957613,0.024857979,0.05591998,0,0,0,0,0,105.09555,0,4276.1561,207.6314806,65.0547978024671,451.728522023004,0,0,0,0,0,0,6.36e-6,0,0,5.9e-4,0,1.03746371003057,10.7130767,12.5274406861722,71.49479942632,7.31368057138275,20.31894588741,-0.089672755,0,14486.4572559331,-0.708727474,0,0.620987694475625,0.007723268,0,0,0.829571146,0
1904,3.86301183375741,0.009436339,0.024855289,0.068491568,0,0,0,0,0,105.07939,0,4275.3063,210.2780604,65.9969646096584,464.419619074611,0,0,0,0,0,0,6.39e-6,0,0,5.94e-4,0,1.06875775239542,10.62286397,12.8065403656299,74.1418549210677,7.61869418407038,20.9329021227169,-0.091610443,0,14755.6704232263,-0.26430884,0,0.629637692968486,0.007723268,0,0,0.856100074,0
1905,3.92833853376269,0.013412831,0.024859105,0.087718467,0,0,0,0,0,105.08907,0,4275.8152,210.5292842,66.760197848359,469.495098414827,0,0,0,0,0,0,6.43e-6,0,0,5.99e-4,0,1.08037124155417,10.60822497,12.9143759637441,74.8631778531911,7.81605044476719,21.0247855266945,-0.093548131,0,15662.0194043873,0.077583125,0,0.669880891645335,0.007723268,0,0,0.883090418,0
1906,3.96367156369503,0.018196454,0.024853655,0.11138246,0,0,0,0,0,105.10645,0,4276.7286,211.8955167,67.4359469758486,468.427685931618,0,0,0,0,0,0,6.47e-6,0,0,6.03e-4,0,1.08630123663475,10.61718799,13.0049612497059,74.5958494232404,7.85120685581621,20.8987481209233,-0.095455511,0,16598.309570175,0.174940429,0,0.713187860522745,0.007723268,0,0,0.913945895,0
1907,4.10844283014541,0.016966195,0.025812945,0.10398923,0,0,0,0,0,105.14627,0,4278.822,212.8014578,69.221634588719,483.015596476098,0,0,0,0,0,0,6.51e-6,0,0,6.07e-4,0,1.11466760045197,10.71778982,13.2486181836321,76.9619923983355,8.21310470883289,21.4443143279411,-0.09692403,0,18261.4574127424,0.06203162,0,0.792307365994103,0.007723268,0,0,0.922997028,0
1908,4.08814240715731,0.021404879,0.029231937,0.12765503,0,0,0,0,0,105.12414,0,4277.6586,209.7343426,69.4230643745116,485.604778252111,0,0,0,0,0,0,6.54e-6,0,0,6.11e-4,0,1.13291217239443,10.90589241,13.425865685948,77.9505372804383,8.32926111288876,21.6245718535215,-0.09839255,0,17555.8762541196,0.125774211,0,0.768076390460572,0.007723268,0,0,0.932378464,0
1909,4.11032135922412,0.036714367,0.765086,0.21121463,0,0,0,0,0,105.16533,0,4279.824,211.4010688,69.8975935559744,482.867332242815,0,0,0,0,0,0,6.58e-6,0,0,6.16e-4,0,1.13632586593304,10.92774612,13.4687312016727,77.4165784627395,8.36371582325202,21.3946805487807,-0.099861069,0,18398.7428077526,0.191777551,0,0.797768264505987,0.007723268,0,0,0.939463987,0
1910,4.19557652038622,0.042342327,1.0366888,0.24301505,0,0,0,0,0,105.14442,0,4278.7248,211.1816204,70.9638700331317,493.483176795466,0,0,0,0,0,0,6.62e-6,0,0,6.2e-4,0,1.16184786066927,11.04997018,13.7183682810022,79.3038159218328,8.58516625557414,21.8931693585198,-0.101265035,0,19245.4929649235,0.191590191,0,0.837392238264539,0.007723268,0,0,0.945592087,0
1911,4.16451176600622,0.047217079,0.55672031,0.27037941,0,0,0,0,0,105.20214,0,4281.7592,210.2489396,71.4048808620928,484.638040753889,0,0,0,0,0,0,6.66e-6,0,0,6.24e-4,0,1.15417142820385,11.25898111,13.6614283309966,77.5216468083013,8.53083496955146,21.3115810930443,-0.102400122,0,19399.1228432379,0.191399622,0,0.853133451842155,0.007723268,0,0,0.887403675,0
1912,4.1718183814192,0.055977137,1.3372385,0.31844894,0,0,0,0,0,105.23472,0,4283.4718,209.2511528,72.0884696159162,480.670179587489,0,0,0,0,0,0,6.7e-6,0,0,6.29e-4,0,1.15296140321281,10.73511559,13.6900092562943,76.500041890528,8.49494612869662,21.0187068602006,-0.103535208,0,20055.5289722789,-0.248308447,0,0.895119590896957,0.007723268,0,0,0.85083987,0
1913,4.26283328169198,0.05934571,2.7874772,0.33694139,0,0,0,0,0,105.25437,0,4284.5046,204.4977329,73.8368328225709,490.729549430269,0,0,0,0,0,0,6.74e-6,0,0,6.33e-4,0,1.17414086291459,10.94347136,13.8913942866336,78.1210787415759,8.74793115116915,21.3581764091249,-0.104670294,0,20897.3421141515,-0.309431692,0,0.966151544203337,0.007723268,0,0,0.82034848,0
1914,4.20919331203958,0.064801984000000007,4.5655912,0.36726542,0,0,0,0,0,105.19867,0,4281.5767,202.2906166,73.9668041532679,497.519902281543,0,0,0,0,0,0,6.77e-6,0,0,6.36e-4,0,1.20440451076687,10.98872029,14.2046288782119,80.31297626377,8.83948462919049,21.911383279763,-0.10580538,0,19161.1670939933,0.020398445,0,0.879192369745481,0.007723268,0,0,0.809204505,0
1915,4.17686869786706,0.084000629,6.2098372,0.47153519,0,0,0,0,0,105.2716,0,4285.4105,203.934807,74.0938361925675,488.572175513163,0,0,0,0,0,0,6.81e-6,0,0,6.41e-4,0,1.1975354866681,10.86936915,14.1886048565785,78.7548910084854,8.77961695190586,21.3731876204798,-0.106940466,0,19078.5269337054,0.164137539,0,0.866143351324635,0.007723268,0,0,0.797401958,0
1916,4.22687947465457,0.10465075,5.9968917,0.58467971,0,0,0,0,0,105.29863,0,4286.831,215.3592029,75.4348803619528,487.792537776639,0,0,0,0,0,0,6.85e-6,0,0,6.46e-4,0,1.19966583548078,10.54204964,14.2929736096452,78.5127100758793,8.83824903239605,21.230917518826,-0.108075552,0,20732.9441809182,0.189221758,0,0.929652986120629,0.007723268,0,0,0.799710226,0
1917,4.33258181964347,0.11034348,5.1585271,0.61870744,0,0,0,0,0,105.37275,0,4290.7275,210.5091208,76.8509463640566,499.191030971979,0,0,0,0,0,0,6.89e-6,0,0,6.51e-4,0,1.2281584610568,10.71214436,14.4437760033887,80.4882024164155,9.33275623931742,21.5017479848823,-0.109210638,0,21614.8646813293,0.190183188,0,0.962215611278782,0.007723268,0,0,0.802745574,0
1918,4.33485557339543,0.10461425,4.2721672,0.58914082,0,0,0,0,0,105.37311,0,4290.7462,214.2916387,77.1120901913003,502.965442548922,0,0,0,0,0,0,6.93e-6,0,0,6.55e-4,0,1.24709219604713,10.16035681,14.6417464641621,81.4953230578606,9.46211925612351,21.6781241067892,-0.110345724,0,21391.990106671,0.189976312,0,0.946514632626963,0.007723268,0,0,0.80603585,0
1919,4.14440277593491,0.10155164,3.196035,0.57214502,0,0,0,0,0,105.33647,0,4288.8202,216.7640921,76.5209337608369,496.306687483541,0,0,0,0,0,0,6.96e-6,0,0,6.59e-4,0,1.25232872262576,9.457420208,14.8473423379613,81.7597093365893,9.28638268274982,21.5852022947379,-0.111519715,0,18290.6660377946,0.18976010200000001,0,0.826294472195878,0.007723268,0,0,0.811159148,0
1920,4.28092252889629,0.071874804,4.0059497,0.41169313,0,0,0,0,0,105.40157,0,4292.2427,217.5584389,78.7337515298605,506.269322047174,0,0,0,0,0,0,7.01e-6,0,0,6.64e-4,0,1.26843330238011,9.595332317,14.961505553778,82.730736858969,9.70960687335493,21.6743294555859,-0.112788815,0,20286.0932819159,0.189540707,0,0.947042505560391,0.007723268,0,0,0.813518455,0
1921,4.10636152220598,0.05599481,6.3575755,0.32444592,0,0,0,0,0,105.42979,0,4293.7261,217.9665233,77.5810838889666,493.378272878168,0,0,0,0,0,0,7.05e-6,0,0,6.68e-4,0,1.266281730985,9.736157623,14.9205048344365,81.0322605210065,9.61154888696799,21.1223393638643,-0.114057916,0,17331.6379885092,0.189318112,0,0.833524787706648,0.007723268,0,0,0.861299333,0
1922,4.10517436823139,0.10093674,7.5196689,0.56921203,0,0,0,0,0,105.47367,0,4296.0327,218.5832103,79.0071628007464,490.163797624911,0,0,0,0,0,0,7.09e-6,0,0,6.73e-4,0,1.27042663727785,9.825845986,14.971032396776,80.3817099608514,9.70427214320024,20.765115126681,-0.115327016,0,18135.5255949884,0.087704577,0,0.881414595121573,0.007723268,0,0,0.853369204,0
1923,4.43983640430641,0.13753371,8.1995609,0.77479139,0,0,0,0,0,105.54539,0,4299.8026,215.6064619,82.0657080608611,524.002107832498,0,0,0,0,0,0,7.13e-6,0,0,6.78e-4,0,1.32270706636282,10.61124548,15.3661328319588,85.4592548921139,10.4767838722938,21.8113551991242,-0.116596117,0,19934.594573253,0.120937834,0,0.987032270991802,0.007723268,0,0,0.86148441,0
1924,4.33011515147751,0.14595489,10.064032,0.82730698,0,0,0,0,0,105.55899,0,4300.5175,212.3236675,82.571266064005,507.945384542277,0,0,0,0,0,0,7.17e-6,0,0,6.82e-4,0,1.31356221915492,9.842387636,15.300328607276,82.5633330233407,10.1917225935647,21.1881897699742,-0.117865217,0,19944.3830691123,0.188631211,0,0.993567092092844,0.007723268,0,0,0.867663331,0
1925,4.36314924481236,0.15281139,9.887985,0.86947278,0,0,0,0,0,105.60265,0,4302.8128,207.9320587,83.6369807938146,511.271006559963,0,0,0,0,0,0,7.21e-6,0,0,6.87e-4,0,1.3535869080275,9.39526766,15.7007333725438,83.2658468961108,10.4529943843716,21.1993893133723,-0.119134318,0,20115.1893662932,0.188395742,0,1.01109058801823,0.007723268,0,0,0.870847171,0
1926,4.32079353952114,0.16877181,10.020584,0.96266008,0,0,0,0,0,105.65209,0,4305.4116,204.3955966,83.8811246104802,508.424738390065,0,0,0,0,0,0,7.25e-6,0,0,6.92e-4,0,1.37951568428917,9.34861434,15.9801736685945,82.9788497217457,10.5509198384256,21.0433343829223,-0.120403418,0,20647.4203154081,0.188157062,0,1.01082944487631,0.007723268,0,0,0.875288161,0
1927,4.40301796648607,0.19366311,13.691728,1.1076116,0,0,0,0,0,105.65063,0,4305.3352,205.5401921,87.0678643404869,521.177595895054,0,0,0,0,0,0,7.29e-6,0.004945027,0,6.96e-4,0,1.41389932257374,9.37443182,16.2481619179978,85.3029945289618,11.0887648353259,21.2875934711491,-0.121672519,0,21849.5312845231,0.187915087,0,1.0967178382407201,0.007723268,0,0,0.914815243,0
1928,4.34699043226577,0.2132805,16.914307,1.2252077,0.020814729,0,0,0,0,105.59392,0,4302.3537,212.502807,88.3574279618651,520.424838563194,0,0,0,0,0,0,7.32e-6,0.030139896,0,6.99e-4,0,1.4324277919309,9.579215191,16.4284067107589,85.7372984759123,11.2077489181302,21.2872711689604,-0.122941619,0,21960.4210255775,0.163268495,0,1.09993540008259,0.007723269,0,0,0.918261907,0
1929,4.40775464961515,0.20802541,19.38339,1.2037865,0.33502494,0,0,0,0,105.60372,0,4297.9849,215.5019196,90.8340661040316,530.774074643079,0,0,0,0,0,0,7.35e-6,0.003329301,0,7.02e-4,0,1.46516747729083,9.403762266,16.6705955661417,87.7177604027084,11.5856401570439,21.632237748005,-0.12421072,0,23457.9181217382,0.008459436,0,1.18167552684662,0.007723266,0,0,0.945536477,0
1930,4.3499349719852,0.17035764,20.571834,0.99750344,1.1701026,0,0,0,0,105.91829,0,4287.8382,214.2940614,91.4050917814913,536.599209028903,0,0,0,0,0,0,7.36e-6,-0.026051043,0,7.03e-4,0,1.49286218380239,9.34361973,16.8939536398287,89.9664072731394,11.5826766638639,22.1945141073526,-0.125479822,0,21711.0876591177,0.179911958,0,1.0880572138633,0.007723273,0,0,1.022800884,0
1931,4.10115548183279,0.11326202,21.232329,0.6766021,1.6600329,0,0,0,0,106.6887,0,4282.6938,212.7744162,90.379924230383,506.126345001357,0,0,0,0,0,0,7.38e-6,-0.003829208,0,7.06e-4,0,1.45410565765112,10.00563285,16.7195882872854,84.8638042010264,10.7740285372742,20.9785833068387,-0.126748923,0,19179.6340441181,0.186915284,0,0.981183512585251,0.007723259,0,0,1.033130291,0
1932,4.06865177228846,0.085847633,23.837144,0.51911084,1.6167368,0,0,0,0,107.41813,0,4276.7559,210.6406447,90.9198453581303,510.90375838015,0,0,0.005764349,0,0,0,7.4e-6,7.43e-4,0,7.08e-4,0,1.46817478766805,9.583622606,16.8349980858352,86.3170468021216,10.8192753659402,21.314854876835,-0.128018025,0,17032.9495400587,0.042542621,0,0.888351950738031,0.007723289,0,0,0.934985061,0
1933,4.05831502006579,0.1016274,28.120028,0.61081444,1.6336582,0,0,0,0,108.09758,0,4271.2585,210.9509705,92.654236605776,508.731318168592,0,0,0.14482802,0,0,0,7.43e-6,8.08e-4,0,7.11e-4,0,1.46069626614368,9.826489395,16.8640101502439,86.0223653036135,10.724002106569,21.1838867292623,-0.129287127,0,17989.831066309,0.150370915,0,0.93060457595776,0.007723222,0,0,0.931801343,0
1934,4.21614767040952,0.15202423,34.519287,0.91252255,1.6505883,0,0,0,0,108.91202,0,4272.3774,211.9574869,95.7603042866411,527.684624906438,0,0,0.60639434,0,0,0,7.47e-6,8.78e-4,0,7.15e-4,0,1.49637961073678,9.571486811,17.0357706000205,89.4379203526815,11.3643711802476,21.8758977605779,-0.130556229,0,19841.2729700024,0.186131287,0,1.00828719707806,0.007723374,0,0,0.920029755,0
1935,4.23979007427907,0.22028466,40.132859,1.3303298,1.6675173,0,0,0,0,109.70014,0,4272.1486,212.6053542,97.7447714270963,528.447572830502,0,0,0.97427321,0,0,0,7.5e-6,9.54e-4,0,7.19e-4,0,1.49608089398119,9.683981142,17.0176482180009,89.4627284573903,11.5678161188606,21.7267509715507,-0.131825331,0,21376.0462824504,0.185863535,0,1.05865783636634,0.007723023,0,0,0.918684315,0
1936,4.40333395283268,0.28820401,42.33712,1.7570203,1.6844464,0,0,0,0,110.56758,0,4275.9063,210.5310965,101.053741278913,548.053812567676,0,0,1.0455299,0,0,0,7.55e-6,0.001037276,0,7.24e-4,0,1.54440981133818,9.874315991,17.3479931512094,93.0103018858588,12.2774616186959,22.3518266646022,-0.133094433,0,22924.7986415372,0.185592518,0,1.15804665567815,0.007723846,0,0,0.927069389,0
1937,4.41003303406783,0.34372195,44.188471,2.1186454,1.7013755,0.006390022,0,0,0,111.3625,0,4275.9946,210.5695775,103.414418991681,547.494909673741,0,0,1.1131878,0,0,0,7.58e-6,0.001127477,0,7.28e-4,0,1.55961720452827,10.08382129,17.4296675487806,92.826265724350307,12.5313688982006,22.0309271723345,-0.134363535,0,24661.3792830677,0.185318258,0,1.23587813745756,0.00772185,0,0,0.904516492,0
1938,4.26073728677397,0.39883954,49.06474,2.4891541,1.7183047,0.1328808,0,0,0,112.0603,0,4271.2734,210.2895222,103.59571225938,530.718314326787,0,0,1.185033,0,0,0,7.61e-6,0.001225424,0,7.31e-4,0,1.57141491299584,10.25581799,17.4085639003079,90.3563330804713,12.0448550319478,21.397132282017,-0.135632637,0,22931.6141617944,0.185040737,0,1.16511876618041,0.007728553,0,0,0.907321542,0
1939,4.39629595346319,0.43390074,56.683054,2.745053,1.7352338,0.68779311,0,0,0,112.8293,0,4270.1197,214.8818132,106.3070959778,548.985534976731,0,0,1.2571398,0,0,0,7.64e-6,0.001332062,0,7.35e-4,0,1.63327707765059,10.04213088,17.6733304773782,93.7943160814186,12.6763781185366,22.122188216892,-0.136901738,0,24490.3795397333,0.184759911,0,1.2284189456199,0.11813875,0,0,0.905880028,0
1940,4.42035650794364,0.50172554,67.980741,3.2190952,1.7521629,1.4928916,0,0,0,113.75015,0,4276.3916,208.1056602,108.38410172161,545.005623412417,0,0,1.3304594,0,0,0,7.69e-6,0.001448183,0,7.41e-4,0,1.65689652445909,10.20962649,17.6221490302137,92.8167919544194,12.9925106450186,21.6568959207738,-0.1379369,0,26975.6358938565,0.184475834,0,1.35629616531961,0.21814961,0,0,0.893463629,0
1941,4.46474747887881,0.64957282,81.740279,4.2240743,1.769092,2.2339929,0,0,0,114.54353,0,4282.9257,206.8244252,111.25389672788,548.420469373395,0,0,1.4028748,0,0,0,7.73e-6,0.00157415,0,7.45e-4,0,1.69625888910196,10.23348339,17.7215470623215,93.2153569855571,13.1993313966686,21.5290269478639,-0.138601662,0,28018.3626860543,0.184188586,0,1.39145257174224,0.1951164,0,0,0.876081403,0
1942,4.55492811466537,0.84353078,95.021136,5.585489,1.7860212,2.976471,0,0,0.19841173,115.26991,0,4303.7401,209.930372,113.342764429224,556.372465844402,0,0,1.4745564,0,0,0,7.76e-6,0.001710955,0,7.48e-4,0,1.74254194212637,10.27931503,17.8896545921555,94.6522234548067,13.2993552978697,22.0919233088052,-0.139266423,0,28645.6072113474,0.183898094,0,1.3956040277434,0.16898031,0,0,0.897314522,0
1943,4.58258700273469,0.80476688,89.521615,5.4576739,1.8029502,3.7199961,0,0.056451758,4.3053247,116.04761,0,4331.4951,208.305157,116.465290681611,557.875309070598,0,0,1.5467027,0,0,0,7.79e-6,0.001859737,0,7.52e-4,0,1.77850610334295,11.91287329,17.9057407685897,94.9086066019788,13.622177207145,21.8822573022966,-0.139931185,0,29064.8189092465,0.183604376,0,1.44265219854487,0.14684461,0,0,0.892124843,0
1944,4.59288752870783,0.41764093,72.694302,2.9606569,1.8198794,4.4638059,0,0.97266311,16.545617,116.85265,0,4354.745,204.6462308,120.029168038429,565.900299457876,0,0,1.6191675,0,0,0,7.83e-6,0.002021507,0,7.56e-4,0,1.83302639419236,9.726563762,18.1312256957411,96.8076217068808,13.9720115188818,22.0335190942958,-0.140595946,0,28264.063702821,0.183307382,0,1.42903386059643,0.11439264,0,0,0.898318952,0
1945,4.37109523981186,0.20111842,68.369262,1.5076942,1.8368084,5.2077233,0,3.4593405,24.846154,117.6118,0,4376.5008,201.6470063,119.849938836228,557.991725130105,0,0,1.69101,0,0,0,7.86e-6,0.002197258,0,7.6e-4,0,1.85656173388178,9.580100157,18.1942995890885,95.9331007807965,13.7310603765868,21.6147583284871,-0.141260708,0,24470.9808086289,0.183007129,0,1.20715395181397,0.080798572,0,0,0.898822172,0
1946,4.34738617460813,0.27970458,74.717234,2.0726649,1.8537378,5.9856104,0,4.9404679,24.839378,118.39896,0,4399.6117,204.4714563,122.807647701721,549.802961857432,0,0,1.7631908,0,0,0,7.89e-6,0.002388349,0,7.64e-4,0,1.88731028011719,9.263863477,18.334592620724,94.1522581437411,13.5924249701584,21.2511081260062,-0.141925469,0,23882.4450675157,0.182703595,0,1.27417982891384,0.064300427,0,0,0.982947007,0
1947,4.38272290289898,0.34838359,84.081746,2.6369074,1.8706665,6.4443541,0,4.8390374,24.982371,119.2973,0,4428.0553,208.8943577,128.169805339237,555.993128222441,0,0,1.8372679,0,0,0,7.94e-6,0.002596315,0,7.69e-4,0,1.95318832620466,8.528277711,18.5677416290078,95.5883144809345,14.2990804241203,21.1506424758913,-0.142590231,0.003372839,26350.4031142984,0.182396816,0,1.41233142940914,0.046731228,0,0,1.013635265,0
1948,4.49701015172846,0.33316898,90.670686,2.6243892,1.8875961,6.6649072,0,4.8563661,24.987103,120.08364,0,4451.0369,207.8073152,132.957703945062,576.872310940691,0,0,1.966277,0,0,0,7.98e-6,0.003327672,0,7.73e-4,0,2.02929764866821,8.183345713,18.9780310152637,99.6911739238146,15.1492206334449,21.619882735752,-0.143254992,0.023611977,27390.8379515111,0.182086799,0,1.49324808023198,0.020169381,0,0,1.021788966,0
1949,4.41008252005998,0.31424196,91.962416,2.5926444,1.8955033,7.1640705,0,5.561141,27.295461,120.70601,0,4466.7618,201.5696485,136.328846990653,576.658660175432,0,0,1.6426278,0,0,0,7.99e-6,0.02463759,0,7.75e-4,0,2.08751252880548,8.046246157,19.5077607622251,100.799898723067,14.7434474519978,22.0298350845417,-0.143919754,0.063741035,26701.2514447006,0.181773502,0,1.46777138727817,-0.001578436,0,0,1.032229109,0
1950,4.59207458035298,0.32876887,78.580053,2.8441101,1.9897329,7.4706053,0,8.1460574,32.673745,121.62274,0,4499.2896,198.1312179,141.557790503174,602.802385833964,0,0,1.0661465,0,0,0,8.05e-6,0.10531435,0,7.81e-4,0,2.20625304221508,8.450215539,20.1704306482534,105.955113657585,16.0740153735023,23.0376138861953,-0.144584515,0.16053368,28559.7112304473,0.181456963,0,1.59396413265452,2.43e-4,0,0,1.04543439,0
1951,4.42196146466372,0.33222262,70.47669,3.0430784,2.1685287,7.5542237,0,12.050138,36.815853,122.51807,0.014330518,4529.1876,201.9604181,144.084833891255,574.72269822407,0,0,1.0527789,0,0,0,8.09e-6,0.2343219,0,7.85e-4,0,2.23685267345024,8.315746876,20.2776111009062,100.932687032627,15.9103677399301,21.2497549590436,-0.147107689,0.23983988,30253.4353228965,0.181137119,0,1.71402845597313,0.001166432,0,0,1.263788462,0
1952,4.45937421136986,0.32854487,76.508762,3.2228257,2.4120426,7.6734014,0,16.078842,40.441283,123.26435,0.21725302,4558.7052,198.8736961,147.588765512043,588.094005471831,0,0,1.4414744,0,0,0,8.1e-6,0.3628351,0,7.87e-4,0,2.33158132943256,8.488836651,20.9615599634004,104.14367695399,16.2770018073058,21.751412431774,-0.149759207,0.24565292,30920.4058079085,0.180814011,0,1.75179091402806,-0.002030065,0,0,1.291508658,0
1953,4.52180511364239,0.31999622,81.681224,3.3863087,2.8478934,7.7034458,0,20.201055,45.581432,124.06078,1.3575508,4600.7084,204.8346102,150.63328296208,604.761259718354,0,0,2.100408,0,0,0,8.12e-6,0.48047903,0,7.9e-4,0,2.43868089468819,9.141300183,21.6553862935626,107.801503890314,16.8857804223221,22.2964568269569,-0.152410725,0.24572915,31647.2007184873,0.180487675,0,1.79649888761363,-2.28e-4,0,0,1.288662579,0
1954,4.56824910901028,0.29457384,86.86347,3.4048632,3.2763156,7.760213,0,25.212381,51.892411,124.75392,3.6198833,4629.2231,207.93586,153.635802931771,609.766679193821,0,0,2.8888848,0,0,0,8.14e-6,0.59576061,0,7.91e-4,0,2.52047972023913,8.650404225,22.098047440679,109.160101519175,17.2253882573099,22.2832950730086,-0.155062243,0.24580572,32459.3915142247,0.180158046,0,1.84431773768206,-0.004070821,0,0,1.342683244,0
1955,4.64246107999413,0.26311875,91.980019,3.3346824,3.6788015,7.6370702,0,30.727319,59.871881,125.74327,6.4848679,4666.3367,210.5485034,158.906901589495,619.357906259213,0,0,3.5564777,0,0,0,8.18e-6,0.70910415,0,7.96e-4,0,2.60693136435731,9.001431,22.3905676868919,111.399774483757,18.2284602109425,22.1626706174722,-0.157713761,0.24588273,35226.0942287554,0.179825169,0,2.01226494109623,0.001049355,0,0,1.387820683,0
1956,4.86034239370542,0.22075982,97.008491,3.0796375,4.2759912,7.5430316,0,33.546756,66.950489,126.58168,9.1561662,4699.2729,213.4851115,165.887253803494,650.067747849233,0,0,4.5322658,0,0,0,8.21e-6,0.82044371,0,8e-4,0,2.71493982249847,9.186699973,23.0070957501723,118.104738659939,19.2288421622317,23.1163040544784,-0.160365279,0.24595899,37695.2376497549,0.179489006,0,2.14284203385834,0.006640162,0,0,1.446283643,0
1957,5.027697518481,0.18587639,102.11597,2.8571248,4.9612019,7.3765313,0,32.871446,72.204141,127.41838,11.488509,4733.2024,212.0220458,172.207454836669,670.088002570501,0,0,5.9875108,0,0,0,8.25e-6,0.92977447,0,8.03e-4,0,2.82701331137962,9.058349425,23.7272987196618,122.774692677479,19.988567667809,24.0195578287802,-0.163016797,0.24603635,38738.9202427654,0.179149521,0,2.21704602532052,0.004342369,0,0,1.477494579,0
1958,4.98688398601905,0.17928487,107.206,2.9954591,5.6330503,6.9087313,0,34.746284,80.925329,128.42262,14.781202,4771.3965,206.489748,174.383238183763,635.160159634363,0,0,7.120204,0,0,0,8.29e-6,1.0371306,0,8.08e-4,0,2.85273746310395,8.697411902,23.8845515896949,115.425443342291,19.449996089089,22.2958652808881,-0.165668315,0.2461131,39541.2040862807,0.178806754,0,2.30608407744105,0.002605294,1.53e-5,1.55e-4,1.528597347,0
1959,5.0621473203144,0.18081021,112.29185,3.2476716,6.3880226,6.8760458,0,43.506257,93.983467,129.47587,18.063698,4808.726,200.6411206,180.656006609838,635.333582541198,0,0,8.0253807,0,0,0,8.33e-6,1.1424694,0,8.12e-4,0,2.92782725939582,8.425195982,24.3924418196768,115.823176871766,19.6796760682362,21.9922376722243,-0.168319833,0.30755864,41438.4208911027,0.178460757,0,2.41685144366673,8.68e-4,1.22e-4,0.001246036,1.473668289,0
1960,5.17238837344953,0.17259465,117.2597,3.3209398,7.3201718,7.2392631,0,56.281481,107.5417,130.53321,21.750437,4847.0424,190.7216636,186.250524669568,638.377007666736,0,0,9.5885732,0,0,0,8.37e-6,1.2458107,0,8.17e-4,0,3.00496928511466,8.748656416,24.7445096235421,117.886527440529,20.4165671308837,21.8375402637343,-0.169716988,0.4304021,43900.390514425,0.178111464,0,2.58122789110848,-8.68e-4,2.31e-4,0.002375087,1.461519532,0
1961,5.17538811116514,0.16861102,121.58986,3.4304351,8.4287849,7.4514735,0.001861801,70.618557,123.80387,131.26152,27.278298,4864.0212,178.6860559,192.532334417483,675.731091294093,0,0,11.884386,0,0,0,8.37e-6,1.346892,0,8.17e-4,0,3.30937860355446,8.648935196,25.5926357561852,127.878333975279,21.1147373504647,23.1816082426057,-0.170424058,0.55328481,44618.3710460718,0.174842591,0,2.5982335766209,-0.002605324,2.49e-4,0.003546415,1.531158202,0
1962,5.17807287218103,0.17112099,125.71015,3.6249821,9.6127678,7.5805279,0.045181371,86.214551,144.89716,132.4011,32.049021,4895.6486,202.5661393,195.5828034317,656.49715243995,0,0,14.500089,0,0,0,8.41e-6,1.4460951,0,8.21e-4,0,3.37199995918831,8.642908791,26.1239200014929,123.744660405645,21.6985296629827,22.3742031556976,-0.171131128,0.61483924,46023.1902076265,0.018878478,0,2.70028117372035,-0.004342521,2.53e-4,0.004920676,1.520724684,0
1963,5.36057097754586,0.18314033,128.88013,3.9881367,10.949721,7.9110854,0.24720738,101.83231,167.67883,132.99126,37.52532,4904.2354,208.2609835,206.489694512137,721.954653533156,0,0,17.280228,0,0,0,8.39e-6,1.5429261,0,8.19e-4,0,3.50404146607253,8.718348737,27.4862721751311,138.528265426927,23.0168432212121,24.4424979404403,-0.171838199,0.55366285,48046.8014294513,-0.715813972,0,2.85399171200346,-0.007869931,3.52e-4,0.005972759,1.527209311,0
1964,5.19757110916945,0.20130699,129.76929,4.4326257,12.657214,8.4778946,0.46848862,116.30072,189.8766,134.07707,49.914046,4933.087,213.4704868,210.013304401156,671.116272233782,0,0,20.771971,0,0,0,8.44e-6,1.6379776,0,8.24e-4,0,3.51111585474347,8.475746789,27.4851692075659,128.368746497918,23.4815149684101,22.2068287181384,-0.172545269,0.49245891,50428.9697350919,-0.620300396,0,3.00451415602424,-7.6e-4,0.001030371,0.033580017,1.518253087,0
1965,5.20787624919811,0.2250418,129.69213,4.9089192,14.528257,9.0358315,0.58010695,130.83984,213.3919,135.19804,70.507935,4953.0596,203.2008179,217.572578706336,693.692621686922,0,0,25.0603,0,0,0,8.46e-6,1.7308461,0,8.27e-4,0,3.60620682164335,8.329580999,28.9281952944547,134.360953208276,24.2628419192956,22.4760288260002,-0.173252339,0.4926084,51739.9668432406,-0.29272932,0,3.14481608999662,0.015948649,0.002140689,0.11324642,1.549410355,0
1966,5.22044824734666,0.26721734,129.70542,5.6248074,16.547774,9.5008952,0.77191369,147.99606,240.15802,136.46754,94.258765,4976.4474,197.0809138,222.236627131948,694.522385244036,0,0,30.477075,0,0,0,8.51e-6,1.8217969,0,8.32e-4,0,3.68860964718145,8.377840675,30.5595674561857,135.008830297649,24.8733355591868,22.1790099975259,-0.173959409,0.61550021,53041.1625098245,0.116909652,0,3.29659984469926,0.069786165,0.003103097,0.20275693,1.551765281,0
1967,5.32261252757325,0.32052973,129.68847,6.3547572,18.918172,9.9208119,1.0373000000000001,169.42177,269.58286,137.66763,116.32544,4995.4184,196.4409202,227.947730925625,727.990360681004,0,0,36.036945,1.25e-5,0,6.9e-5,8.54e-6,1.9105949,0,8.37e-4,0,3.81339589965256,8.218085643,32.2177538492388,142.727018558749,26.2927737513923,23.2415049928984,-0.174666479,0.7384486,53337.7572129204,-0.076337447,0,3.40972874625216,0.24404072,0.003754249,0.26151045,1.595865386,0
1968,5.33102970707824,0.40423022,129.73308,7.3324415,21.713594,10.295172,1.3673824,195.13757,299.71437,139.24379,133.08156,5029.5667,214.6105336,233.343310863498,718.576961161843,0,0.009237978,40.359034,8.8e-5,0,4.86e-4,8.63e-6,1.9976935,0,8.46e-4,0,3.8653524088221,8.106742887,33.5386043796461,141.56456576145,27.1824268932398,22.410116692121,-0.175373549,0.67731523,55689.900374093,0.001120993,0,3.6115295419552,0.44305972,0.005543179,0.29037411,1.546993091,0
1969,5.36881677016791,0.5206411,129.76058,8.4831718,24.938178,10.638634,1.7120901,220.72612,327.55328,140.05867,146.61896,5026.2804,216.160677,240.019679549991,723.004274962853,0,0.18322115,44.144508,9.37e-5,0,5.04e-4,0.009824818,2.0817369,0,8.45e-4,0,3.91210837440906,8.02249421,34.013927218814,142.777229501416,27.6641138290017,21.622210447671,-0.176080619,0.67751619,57924.0020719925,0.074859218,0,3.81579426275296,0.55613635,0.03648951,0.30862539,1.543708902,0
1970,5.51217133137596,0.6581692,129.69302,9.5318801,28.576904,11.00827,1.8909658,245.38621,354.60102,141.52757,173.56366,5048.3132,227.6638191,252.27398734256,755.115339944636,0,0.60795801,49.037394,2.47e-5,0,1.09e-4,0.036330653,2.1644992,0,8.52e-4,0,4.02958881629132,8.080696435,36.9069458207035,150.694049304554,29.2751595987651,22.2075456335677,-0.176787689,0.80047128,61684.412131962,0.078910079,0,4.10684428535239,0.64373178,0.11813403,0.34789664,1.531929069,0
1971,5.6480402140077,0.82992065,129.60227,10.711494,32.729139,11.452529,2.1402118,276.44309,387.53989,143.1196,217.72405,5067.5026,223.4659406,253.541798496334,767.182005546284,0,0.8564576,55.790888,1.33e-5,0,4.26e-5,0.064586906,2.2451174,0,8.59e-4,0,4.15064601866041,8.181003195,37.7280859183193,153.603925420474,30.0350206724123,22.5219462887668,-0.177492633,0.86210262,61739.6717852227,-0.03213341,0,4.26595596874977,0.78786166,0.2232129,0.40686343,1.405554242,0
1972,5.96104154049034,1.0559029,129.65777,12.24311,37.465523,11.97792,2.5517628,314.22879,427.68026,144.52172,267.60333,5079.1924,213.217416,261.998033691704,836.297248651863,0,0.87667663,61.456633,1.35e-5,0,4.3e-5,0.082580189,2.3233295,0,8.64e-4,0,4.32873936005866,7.973187842,38.9295684847035,168.285423981538,31.8293768623824,24.8308618185369,-0.178133664,0.86237286,63423.4929542355,0.049119654,0,4.45819045008503,1.0951867,0.31882408,0.4721474,1.326937135,0
1973,5.90496575966364,1.330787,129.79157,14.085332,42.979262,12.585161,2.92937,338.0693,454.71123,146.54158,301.85553,5118.3195,208.5217287,266.165124099507,788.647408610443,0,0.82240702,65.420113,1.38e-5,0,5.5e-5,0.090214925,2.4006492,0,8.77e-4,0,4.42268606218463,7.92252251,39.077147774636,158.397943579225,32.5217475814594,22.7244115713258,-0.178774696,0.92401065,66406.0194412773,0.155228831,0,4.71327611565533,1.5930673,0.39726303,0.54390644,1.318385656,0
1974,5.97776676213405,1.4191691,129.76026,14.311146,49.247959,13.447442,3.5184015,340.6055,453.22872,147.80664,327.35544,5113.8208,209.1800427,266.186854173755,784.912575941204,0,0.76119143,71.666995,1.4e-5,0,0.052416219,0.087063163,2.474116,0,8.78e-4,0,4.53975233312635,8.013556909,39.7061611192539,157.07297635419,32.469449575227,22.8014557847532,-0.179415727,1.0394718,65564.1144720219,0.102790661,0,4.69718072692699,2.1806547,0.67241083,0.65809554,1.290549,0
1975,5.99508769084393,1.4004084,129.65616,14.321042,57.565811,14.538442,4.2176868,337.71465,440.16522,148.91662,384.99818,5104.4298,217.7065386,266.599582257791,777.325534372916,0,0.80304672,79.153904,1.42e-5,0,0.19213674,0.072875586,2.545125,0,8.78e-4,0,4.66328219686993,7.930655915,40.4185814331621,153.936337613285,31.9413403119884,22.2646032308046,-0.180056758,1.1646458,64732.9954526489,-0.204969017,0,4.68882881346351,2.8018363,1.2682709,0.8287437,1.303204964,0
1976,6.29024839631421,1.5554771,129.63321,16.011714,57.24638,15.386466,4.743647,329.27602,426.10768,150.23158,475.43135,5104.2152,219.9694582,272.045316765317,812.719101937348,0,0.82394648,92.664426,1.44e-5,0,0.33759564,0.047412585,2.614347,0,8.8e-4,0,4.84917602388951,7.884746946,41.3620156432234,161.999259625566,33.4800276945878,23.5135700419402,-0.18069779,1.4235416,67749.4779093107,0.042795931,0,4.93325416926223,3.4107057,1.8435573,0.98712807,1.320205358,0
1977,6.44331252140961,1.692355,129.63647,16.762577,55.875241,15.71703,5.1782548,306.11158,404.2283,152.04264,533.0325,5117.6518,224.2398849,275.803741282436,823.88189306472,0,0.93269902,109.06413,2.14e-6,0,0.42456315,0.022180513,3.5323931,0,8.87e-4,0,4.9124076806631,7.837925038,42.0389125320324,164.593611751137,34.2090405614491,23.4678514980937,-0.181338821,2.1583469,68243.0199310133,0.128454013,0,5.0915651706951,3.8826089,2.1420878,1.0852977,1.352097971,0
1978,6.68635237423663,1.7691766,130.48849,16.898235,72.245349,15.529417,5.5214166,278.45958,383.9896,153.91731,529.79652,5132.0601,229.0904481,278.058260448604,843.467725218757,0,1.277913,112.78031,-6.25e-5,0,0.45249588,-0.059867027,4.661461,0,8.95e-4,0,5.05998164898129,7.832489691,43.0127235503479,166.889946519705,35.2004949000994,24.037160786969,-0.181979852,2.8286901,68610.2345635925,0.150663548,0,5.25152053995639,4.2701212,2.1599238,1.1209157,1.2993019,0
1979,6.75931397843567,1.9203395,128.37989,17.898313,94.634628,14.991238,6.1020639,271.13342,394.80033,155.58904,518.50501,5138.651,229.6634946,283.275876892694,841.097752534346,0,1.7595655,113.22088,-2.04e-6,0,0.42017076,-0.17766763,5.0937882,0,9e-4,0,5.13167543385413,7.776280795,43.8831843109103,167.528179066711,35.7939289568147,24.1720717149877,-0.182620884,2.8296177,69975.0523227882,0.14731143,0,5.39631297339913,4.6513697,2.0579417,1.1328091,1.252317648,0
1980,6.63120076634963,1.9633226,125.08456,17.664267,120.23426,14.760861,7.2362595,276.09356,398.43779,157.04196,513.02719,5131.8984,230.6285275,281.760798656331,831.944238591416,0,2.0330453,118.29604,7.94e-5,0,0.35605477,-0.12485274,5.1732709,0,9.02e-4,8.17e-5,5.16159003124767,7.846633672,44.56336554313,166.098306020145,35.4160172553993,24.0955774322513,-0.183261915,2.8304823,69764.2424960363,0.109190157,0,5.34419067904387,5.1129913,2.1545661,1.1562096,1.244135794,0
1981,6.51079945850914,1.7391266,126.52811,16.187192,128.45086,13.920115,8.6372447,271.00597,403.07178,158.51506,516.86109,5123.4643,234.8241142,276.034647152282,816.684586146526,0,1.96562,122.37567,1.71e-5,0,0.32601335,0.11779446,4.4274361,0,9.03e-4,6.97e-4,5.09164244957444,8.056097784,44.908396877779,162.534682500707,34.5675742525457,23.6248722531163,-0.183902946,2.9541119,67461.2327991079,0.075737275,0,5.26758533031697,6.0090215,2.4863888,1.1742814,1.252813549,0
1982,6.79848181824774,1.6205522,129.38621,15.97381,128.57689,13.885459000000001,9.2748324,277.72577,391.79861,159.18065000000001,532.93449,5083.3728,217.1245345,281.996709021097,910.719895047425,0,1.6573364,125.26367,-8.23e-5,0,0.33083911,0.22216908,3.5575865,0,8.94e-4,0.001578501,5.12021625839922,7.975806247,45.9764325088744,181.642099581117,35.0407240872854,26.919714318538,-0.184563462,2.9550432,66021.173455249,-0.15641584,0,5.23829289071443,6.4693449,3.0131287,1.352411,1.258145478,0
1983,6.49283240206388,1.8456854,130.75989,16.384525,150.74703,15.564841,9.057039,353.29433,385.70972,160.09109,547.19948,5047.3484,228.3900761,274.80967145251,805.498011073473,0,1.3378778,129.4055,-2.71e-5,0,0.33559498,0.09748991,3.8040369,0,8.87e-4,0.002017846,5.14095864552175,8.120973032,45.6388397030358,158.558638794392,33.4390532573891,23.0316386527213,-0.185305135,3.2014371,64855.6443608344,-0.677594526,0,5.2732036247706,6.0034055,3.8198142,1.378774,1.433024176,0
1984,6.69821263617033,1.954181,134.9934,14.927399,167.86607,17.177696,10.537606,352.61795,438.30954,162.15076,546.6524,5054.1956,220.4528461,279.400905773088,829.518331725968,0,1.2391705,137.14097,8.66e-5,0,0.48356263,0.027417786,4.8805395,0,8.93e-4,0.004307161,5.23693457636519,8.364356253,46.596654720062,162.7475646103,34.4998798676433,23.848303206283,-0.186046808,3.570683,65603.3991777561,-0.228907835,0,5.44384635898182,6.3412338,4.7987259,1.1329507,1.461224853,0
1985,6.78585956073853,1.930951,138.44665,13.863624,191.20489,18.042992,12.093107,321.80334,487.46531,164.43684,559.24581,5072.7864,227.2736444,281.149263394358,846.535539277123,0,1.4290266,148.48134,2.16e-4,0,0.56320674,0.085787554,5.2553933,0,9.02e-4,0.012966035,5.19178553379732,8.548927145,47.2756736251853,163.561625372651,35.0248961216568,24.3052699783248,-0.186788481,3.6945657,65865.2474015835,-0.011715701,0,5.52663938880231,7.6862714,5.5359652,1.1864916,1.499743779,0
1986,6.9229802078953,2.0447892,134.66824,14.595216,226.48099,17.343175,11.156209,363.19165,561.19711,166.53505,605.54478,5079.9439,225.6736128,286.085218599771,854.326875870841,0,2.1480617,163.26271,2.16e-4,6.84e-4,0.57273931,0.044305139,5.6896951,0,9.08e-4,0.028102657,5.21532890395212,8.622661309,47.9861239156511,166.188191105915,35.9049394904797,24.3814268372844,-0.187530153,3.9411958,65715.7881965718,-1.47e-4,0,5.62844939957237,8.6199267,5.6626388,1.453026,1.530113569,0
1987,7.11177993821819,2.1868179,140.05915,15.122737,234.71551,15.986362,11.176584,377.17492,543.59326,168.70781,636.85035,5087.8651,229.7140445,290.016264398883,889.787858523884,0.001157823,3.2631248,177.25124,5.82e-5,0.004878587,0.79616882,-0.099665792,6.5386064,0,9.14e-4,0.044783508,5.31314321694532,8.597410922,48.9487817884506,173.406993210345,37.0302568398765,25.7203792034628,-0.188271826,4.3106697,66897.539910878,0.062169756,0,5.80973939274831,9.1692428,5.2412687,1.7364871,1.515689335,0
1988,7.3018977607631,2.2384091,134.89421,15.295333,225.34631,14.052169,12.063592,324.40759,433.01446,171.54521,645.54402,5119.7697,220.5883477,293.896876450207,884.588513028976,0.34924766,5.2661192,185.3279,0.021115007,0.06849384,0.88192316,-0.073662439,6.6278139,0,9.28e-4,0.060567348,5.37262709947786,8.981749095,49.3560886434262,171.665275210031,38.418086274305,25.5708588877253,-0.189013499,4.6802608,67447.3416754589,0.110247934,0,5.99872091975231,10.094657,4.7030971,1.770198,1.515094775,0
1989,7.25717846498225,2.2075539,105.50252,15.212081,212.83728,10.119863,11.292045,246.46809,357.7641,174.22363000000001,713.52261,5139.3872,226.2827967,297.782014445082,861.863904762096,0.72136249,10.730464,189.56819,0.31476996,0.67304705,0.82629641,0.054397397,6.6572182,0,0.006065534,0.076147787,5.34434523015086,10.74209957,49.8103913885779,168.358406430135,38.8245610744306,24.7186180855628,-0.189755172,5.0499664,67243.8410242109,0.142615462,0,6.09604572504132,10.904862,4.3864096,1.6702493,1.53212989,0
1990,7.36656501488308,2.1076967,86.426532,14.407865,176.8456,7.0905085,10.591201,208.25652,333.97703,176.36773,658.40311,5137.248,224.7234798,299.699215171887,872.400866213548,1.5203264,17.768055,192.30881,0.96053501,1.7208698,0.69729352,0.18589003,6.6838429,0,0.02696988,0.091767095,5.45037208371147,9.071981869,50.1969317286088,172.942524870036,39.1318579436574,25.5931697891293,-0.190496845,5.1743108,67172.0308500949,0.140795312,0,6.2610202079067,10.051338,4.2741531,1.7373255,1.445096887,0
1991,7.89693827611175,1.982897,85.142226,12.924815,120.64491,6.9542228,10.775591,159.81289,286.27307,177.30503,474.47964,5089.9323,198.0207956,312.672803744569,1062.22397365095,6.9394223,22.06288,185.52075,1.727734,2.7251313,0.70613627,0.24819351,7.0572566,0,0.058141591,0.10715402,5.61362951276864,7.587254831,51.9980053126124,214.67982421579,41.0199017341415,32.6210317529674,-0.190962841,5.29866,66026.7417276058,-0.414818578,0,6.28427352208006,9.6580528,4.1585749,1.6735462,1.63686011,0
1992,7.24654307897188,1.9500444,85.437279,11.907588,74.361852,5.3089984,10.120439,106.91739,227.43518,179.3441,361.04368,5056.1355,236.6922036,294.195595169484,848.115154538424,22.26499,24.233416,194.061,2.4767485,4.0250116,1.0018637,0.18194194,7.9102615,0,0.088755914,0.12273589,5.38778480041438,7.316457685,50.1682936946144,168.854287326762,39.3983651671066,24.7590800117316,-0.191297551,5.4230636,63440.0772185973,-1.683576748,0,6.24634529625952,10.784362,3.8127392,1.4631107,1.683057085,0
1993,7.44485728471656,1.9984803,84.458339,11.381334,50.567396,3.463778,8.6771649,84.3251,231.9618,179.76429,256.33383,5078.4684,218.6554064,294.158094408051,879.292379518643,34.33223,22.551362,208.33854,3.0949997,11.967198,1.5166355,0.157163,8.3534838,0,0.1188094,0.13825367,5.45412657624445,6.816737039,50.6847533698932,174.905314333414,40.0449553456393,26.0213812933014,-0.19163226,5.424762,62386.3821622677,-0.817084404,0,6.27853848487561,11.612337,3.3180441,1.2514505,1.54672743,0
1994,7.87627548578219,2.1430557,86.05046,11.006658,37.565451,4.6095776,8.163643,85.893495,238.58315,178.03958,159.08791,5003.2837,205.4088012,305.9981835328,1001.37541848651,45.287421,24.423112,237.88968,3.5515518,24.558229,2.3253155,0.20390529,8.737968,0,0.14808425,0.15358509,5.64573458250617,8.307856392,52.3857616070821,202.572722218997,41.132464751928,30.928218893694,-0.19196697,5.5491826,61111.2104079925,-0.081385008,0,6.32600193596717,11.303115,2.9604627,1.1962062,1.503716685,0
1995,7.8717443083749,2.3880707,80.480245,10.682998,23.473127,5.7076242,7.6747577,86.264975,210.72453,180.13151,95.783763,5016.3948,227.1135855,300.134106642309,894.810273816488,51.095458,27.59918,230.3453,3.8771223,36.211193,3.4395305,0.29614801,9.315257,0,0.17780027,0.16982122,5.70390536350771,7.130684155,51.626009134464,178.481682526362,41.1402754317631,27.3649969129378,-0.192301679,5.6736625,59816.7259873993,0.085307721,0,6.47382902764691,11.011358,2.8923304,1.0842597,1.486080505,0
1996,7.66792153999591,2.6638414,75.256035,10.505743,13.005309,4.6522227,5.5242189,85.278741,170.78176,183.444,59.514335,5297.7083,215.7564068,304.187996934956,860.740071004758,53.568363,26.00128,224.86947,4.0579149,48.538296,4.5014521,0.39044285,9.7707047,0,0.20547879,0.23841137,5.79604218869063,9.74074204,51.7742138639415,172.875991996727,41.1594149188468,26.3075559960242,-0.192636389,5.5527008,58340.0992900088,0.145692226,0,6.60751683639283,10.510994,2.8654227,0.84755661,1.470193985,0
1997,8.27417675241709,2.8728436999999998,75.489912,10.417958,10.398164,3.7691062,3.4559389,86.341446,160.63531,180.149,29.550907,5288.9251,171.1869814,327.253626911388,1148.29808493596,55.763481,29.370536,240.5221,4.6266327,58.758537,5.5717023,0.427562,9.7952259,4.96e-5,0.25820595,0.31501343,5.96518872923152,8.938696428,54.588014835329,237.614831665364,43.4376362375326,35.8856870507641,-0.192971099,5.7834259,58649.7959785417,0.166902489,0,6.72394683080953,9.8242768,2.8566852,0.76826308,2.18331399,0
1998,8.29803787089998,2.9899069,72.916263,10.335348,12.992477,3.9615346,2.9318362,86.348141,156.67666,176.1082,23.412636,5175.5355,215.7930607,309.345976251436,1024.08385167137,55.956781,28.471196,234.46613,6.9049469,70.049792,6.8917397,0.54029666,10.02529,3.58e-4,0.60512272,0.38665542,6.01604874026565,8.493661556,55.1996676654623,205.463390491236,43.747613076437,35.2637424757759,-0.193305808,5.6031107,57756.2913994172,0.171092583,0,6.76703059563795,10.323837,2.701239,0.76943857,1.541245282,0
1999,7.5096522517007,2.9607505,72.96355,10.216505,14.054175,3.9749853,3.1538842,82.703538,140.42544,168.37661,18.420173,5112.4264,231.2914016,302.757183590289,883.638775921928,58.338707,25.741051,252.31636,8.6848445,91.978363,7.9486502,0.7424207,10.07373,0.003108151,1.0699013,0.49435229,5.77448358083944,9.0613134,53.3524759901881,178.847836360608,41.7378178325107,27.8318719799142,-0.193640518,5.1676463,55108.777092952,0.17324185,0,6.82813757784282,10.262658,2.1509855,0.7706312,1.303430472,0
2000,7.13042957815154,2.8153943,72.651408,9.9231457,9.4043884,3.9867142,2.3476518,76.330076,122.76605,165.25876,19.471227,5074.2696,216.3028213,303.916936934525,830.124999281194,56.341686,25.730152,263.60627,10.640667,99.657424,8.5987563,0.86319988,9.2978389,0.034006926,1.411492,0.57423278,5.63874325293128,10.45156991,53.2381534708798,169.192635992589,41.4216149368753,25.2165486474634,-0.193975227,5.2735332,54723.047399277,0.174582417,0,7.03122956795164,9.4801348,1.9694412,0.77151922,1.201338049,0
2001,7.17613769724887,3.0480682,70.656969,10.593275,5.9590471,3.2771364,1.1600545,68.271466,111.64066,165.599,19.806901,5094.2258,209.757967,305.199304903248,825.904838542893,56.368781,24.490463,261.60586,11.075295,96.243251,9.8521252,0.94275566,8.9840003,0.80619906,1.6540309,0.63867332,5.68841054411091,8.899440943,53.0038021998255,169.931726482051,41.6268644614311,24.8905552409654,-0.194309937,5.3282102,55141.9856713113,0.170843036,0,7.10226692094185,8.8337936,2.3248261,0.74608572,0.961802096,0
2002,7.54377051449559,3.4534372,70.456674,11.982167,3.1513602,2.420559,0.95011524,63.484809,101.90454,161.14055,12.302716,5096.5932,201.1223635,310.665739075954,912.687892566198,50.843174,25.156097,270.32175,12.214474,102.73275,11.617585,1.2107813,9.7208997,2.9170651,2.8037817,0.73327062,5.88323230115256,8.151226907,54.7783171668158,191.91217478384,42.2070055012783,30.6181882032438,-0.194644646,5.4976481,54885.5770247358,0.176522258,0,7.23413036109222,8.3685909,2.2797577,0.67660085,1.070652511,0
2003,7.62034771610616,3.16329,69.839024,12.579882,5.7693016,1.7336337,0.74505988,62.277955,97.844828,158.92828,10.122917,5113.7538,207.0545634,316.123519418358,889.123570456506,44.441172,25.070909,287.30923,15.640539,117.40605,13.114832,1.560512,11.005369,5.226518,4.7856897,0.85366012,5.96744896412955,8.206594409,55.310298613120104,186.662963687984,42.8123904185139,30.8954697876346,-0.194979356,5.5417194,57315.2952425992,0.165150043,0,7.58215231507637,8.0831154,2.0262772,0.60195554,0.901041903,0
2004,7.79962674036327,2.2029533,66.998563,12.194883,9.216749,1.4729969,0.75667708,60.966802,87.654103,156.21655,9.7469995,5141.4447,192.5213918,323.758616277449,884.103939823596,49.135801,28.554887,307.57676,15.758879,125.65071,13.097501,2.0510461,12.712613,6.6512131,5.4873038,0.97410928,6.0546511400864,8.059138599,55.5762103873585,187.631244694875,44.410185725547,28.5910035376111,-0.195314066,5.6480085,59676.2958435158,0.171903289,0,7.94774455108298,7.5267646,2.1192661,0.55294607,1.038213168,0
2005,7.98640047984077,1.9480504,63.195607,11.060838,4.6297025,1.8139658,0.58070615,60.331179,71.956593,154.12291,7.5405195,5209.9819,184.0987073,328.215637889339,889.072442184561,53.955471,33.447493,329.52471,16.143675000000002,126.49199,12.434284,2.365528,14.626529,7.0791974,6.3606922,1.0845927,6.10089749400775,8.680820632,56.3628632576845,189.302959504179,45.4347468459801,28.7454909349899,-0.195648775,6.2799143,62535.243435444,0.149807853,0,8.21891089130297,6.9433284,1.8947828,0.46971744,1.025657164,0
2006,7.92779681611626,2.045423,60.048081,10.21735,0.6450641,1.7510311,0.58710647,63.037203,65.575271,152.41471,9.3190485,5272.2746,175.0017164,336.704605456828,918.468244644238,51.911598,36.489809,346.30497,19.891066,133.41048,14.118518,2.3531588,12.639849,6.8754044,8.3862482,1.1852524,6.16517762252374,8.672587571,57.7885217948365,198.656727506307,45.6613752732232,30.0982169931591,-0.195983485,6.9409178,62824.0272791255,0.124554113,0,8.50680018602119,6.3118449,1.5902358,0.43579597,1.092642828,0
2007,8.08204120555994,1.7666158,57.257154,9.3272415,4.5089203,1.5545493,0.78280059,64.737513,61.623755,147.28895,9.6981304,5250.6823,202.5966278,331.785647013015,866.169842128219,49.953532,37.109679,357.26506,26.595246,127.25708,16.399738,2.4154053,9.3262891,6.6980995,8.4029745,1.2649376,6.2934271477853,8.55104057,58.4884271188326,185.895825191175,47.2321773012379,28.6625150422692,-0.196318194,6.9754073,62339.6612684494,0.121419389,0,8.82980247275968,5.7707437,1.7021554,0.59162888,0.966211967,0
2008,7.85394097372465,1.746034,56.837697,9.0353429,8.3395339,1.9164483,0.45696793,63.060877,57.108479,144.47281,6.337645,5191.6855,212.4425294,332.665253100063,807.19884106313,54.881457,33.091627,362.72449,30.815622,138.28669,17.544095,2.6196596,8.8123411,7.076053,10.669375,1.3164863,6.20966492584728,9.572965183,58.4914680801098,177.931699841639,46.1720752522825,26.9220598117947,-0.196652904,6.8835341,60243.9393477322,0.133277034,0,8.89343299481486,5.5737514,1.6171325,0.63840472,0.668337987,0
2009,7.65250994148879,1.7995507,55.355253,9.6854874,5.7877004,1.6755174,0.3835494,60.065148,54.788238,144.24254,3.7694324,5145.2658,186.8732473,332.922636188243,813.24742122148,61.506343,32.081369,366.5558,33.926872,160.10848,21.142804,2.9666725,9.9336003,7.8522494,16.223306,1.4335012,6.19512281989951,8.435188179,58.6387725369536,180.704093410655,43.3658803493019,26.6545637093142,-0.196987614,7.159861,55297.7826013008,0.106684212,0,8.69764421224595,5.2570896,1.7272846,0.47723148,0.754863283,0
2010,8.06462618031556,1.7742176,56.090865,10.48947,4.4070317,1.4644148,0.65896445,58.86009,52.271203,142.6745,2.4614781,5179.9719,185.6238348,337.40396204551803,844.423200877649,65.209531,29.851794,361.74691,35.069515,165.044,20.460881,3.1827017,11.247607,8.7778712,15.914528,1.3375544,6.39771814228963,9.263208515,60.0238596360327,187.712944081094,44.1603417726315,29.269074557362,-0.197322323,7.2759031,53744.1024729181,0.137987555,0,9.22427405902902,4.8975548,1.8511656,0.39655186,0.885110055,0
2011,7.68953089069092,1.8467555,57.565927,11.056837,4.6237938,2.0468287,0.85601742,62.415615,52.120722,140.42156,3.0036158,5252.9333,192.8306362,340.27766246141,799.18734256103,67.690592,28.645628,366.94427,43.330418,190.47655,22.158614,3.410604,12.498165,9.4654578,20.415233,1.1291345,6.42559552839582,10.08559976,60.2422760132673,182.215651475389,44.746560747113,26.686164060895,-0.197657033,7.4656928,55407.3438460616,0.109056913,0,9.49166865459715,4.3361773,2.096153,0.39105944,0.91365454,0
2012,7.8888646659617,1.794986,59.464919,9.6609456,5.4529267,2.0520518,0.7168607,70.235225,53.35878,136.71475,3.0096674,5232.3317,170.0593178,344.973051702859,840.145310371752,63.311547,25.468261,356.29002,45.81505,205.00564,21.423,3.2771162,12.591587,9.054248,24.0671,0.98551995,6.49842742485435,9.205420544,62.0176895800946,194.068580076567,44.3256846450724,29.7476747663661,-0.197991742,7.7062836,53794.1347510795,0.138675181,0,9.60078055407968,3.8379813,1.7328717,0.41594871,0.970689078,0
2013,7.56682282628795,1.6324652,62.512861,8.3027436,6.5167934,1.9408617,0.61330322,75.740842,54.819887,133.39273,1.8384424,5231.2321,186.7891443,342.421728225148,786.560567325765,59.817791,19.467118,342.89828,38.8888,202.01825,23.8069,2.9986006,11.604213,9.7859,21.452891,0.87225171,6.56671909910971,9.459239095,61.7783103102744,183.984066465132,42.8880320061956,26.9158057226393,-0.198326452,7.686158,51287.4465368985,0.157671543,0,9.77888301667961,3.5745493,0.96258078,0.44442215,0.91865757,0
2014,7.65382490640704,1.6517,53.5475,9.8735,2.8024,1.6696,1.114899,54.9365,28.9612,133.6791,1.2625,5358.4982,177.6952933,348.431441167468,839.899532178432,59.82,22.47,358.8813,57.1243,200.0249,25.2487,3.5393,12.991,10.1025,30.4858,1.1516,6.72436136941843,10.17019203,62.9943715108594,199.577847277461,42.581333913394,29.7591994771775,-0.198661162,7.8784,49070.3966969251,0.139778363,0,9.85496023085705,3.481,1.2299,0.3854,1.095764818,0
2015,7.6297467439697,1.57,47.5476,10.8699,0.8742,1.6696,1.6714,43.5734,14.6096,133.823,0,5404.8069,187.0643072,354.122761590082,891.6299469566,59.82,22.47,358.8813,78.7906,201.9534,32.381,3.6633,14.4857,11.7285,38.5792,1.1516,6.7912716996669,10.0659108105,63.8913142379985,213.228989664459,42.5463576608302,32.0177265867426,-0.198995871,8.02,46210.1074591823,0.118811609,0,9.83178343041968,3.2933,1.3378,0.3481,0.959883081,0
2016,7.23026818657781,1.5674,45.01716,10.8519602,0.78156,1.515231454,1.61422146,41.88082,12.88774,133.77542,0,5402.94348,187.3449724,345.692179558806,753.791863817108,60.8428786,21.9901556,351.625206,98.363272,214.99666,38.77266,4.06551696,12.12738,13.7053912,32.29838,1.1829135,6.72111445259868,9.352241798,63.5526410966165,185.86555012365,41.4208598518439,27.3329449120727,-0.199330581,8.04314,44228.3789743232,0.097844854,0,9.84451899484548,3.07158,1.29166,0.33428,0.945799698,0
2017,7.29278659249334,1.5648,42.48672,10.8340204,0.68892,1.360862908,1.55704292,40.18824,11.16588,133.72784,0,5401.08006,187.3449724,348.736372552837,746.266461230097,61.8657572,21.5103112,344.369112,117.935944,228.03992,45.16432,4.46773392,9.76906,15.6822824,26.01756,1.214227,6.85704432497843,9.352241798,63.9884505421889,187.062080980064,41.3490151223494,29.075610092482,-0.19966529,8.06628,42483.7923502024,0.083867018,0,10.0080095708304,2.84986,1.24552,0.32046,0.931716315,0
2018,7.09204898380361,1.5622,39.95628,10.8160806,0.59628,1.206494362,1.49986438,38.49566,9.44402,133.68026,0,5399.21664,187.3449724,351.901782700834,741.428851392943,62.8886358,21.0304668,337.113018,137.508616,241.08318,51.55598,4.86995088,7.41074,17.6591736,19.73674,1.2455405,6.90360732338242,9.352241798,64.625449126362,186.552978970815,40.5866982894713,28.1192736433109,-0.2,8.08942,41270.471682829,0.069889182,0,10.1920659338791,2.62814,1.19938,0.30664,0.917632933,0
2019,7.39474302050133,1.5596,37.42584,10.7981408,0.50364,1.052125816,1.44268584,36.80308,7.72216,133.63268,0,5397.35322,187.3449724,358.850122696398,816.666526869721,63.9115144,20.5506224,329.856924,157.081288,254.12644,57.94764,5.27216784,5.05242,19.6360648,13.45592,1.276854,7.02516974437959,9.352241798,66.2874137479581,205.886461882388,40.8284647054937,34.0287167187521,-0.200955883,8.11256,40497.7485736342,0.055911345,0,10.2128205339151,2.40642,1.15324,0.29282,0.90354955,0
2020,6.97041682009197,1.557,34.8954,10.780201,0.411,0.89775727,1.3855073,35.1105,6.0003,133.5851,0,5395.4898,187.3449724,345.322687391301,727.501368458732,64.934393,20.070778,322.60083,176.65396,267.1697,64.3393,5.6743848,2.6941,21.612956,7.1751,1.3081675,6.9395199056475,9.352241798,66.2253535665582,185.547868668206,37.3001851376605,29.4314800211349,-0.201896862,8.1357,34128.3550556783,0.041933509,0,9.75117803550556,2.1847,1.1071,0.279,0.889466167,0
2021,7.33975999077128,1.55626,33.28538,10.775021,0.37899,0.833926213,1.342148655,33.87909,5.50149,133.57155,0,5394.95176,187.3449724,355.843503425346,786.430227328952,63.8401921,19.2265454,304.67177,181.708385,261.75265,66.04767,5.64972451,2.48112,22.1511087,6.60788,1.254602996,7.23195222660562,9.352241798,68.2527506426614,200.706795995512,38.3274245128192,36.8154065209417,-0.202826926,7.66123,35606.5887929272,0.027955673,0,10.3248180031677,2.06237,1.07222,0.26903,0.879150427,0
2022,6.6992664606761,1.55552,31.67536,10.769841,0.34698,0.770095156,1.29879001,32.64768,5.00268,133.558,0,5394.41372,187.3449724,354.909306344565,665.832161059154,62.7459912,18.3823128,286.74271,186.76281,256.3356,67.75604,5.62506422,2.26814,22.6892614,6.04066,1.201038492,6.92315168956949,9.352241798,66.8235901171223,176.461165149357,37.5350281601484,25.6046982354495,-0.203746076,7.18676,35322.3842046147,0.013977836,0,10.3978321960765,1.94004,1.03734,0.25906,0.868834687,0
2023,7.01173677330714,1.55478,30.06534,10.764661,0.31497000000000003,0.706264099,1.255431365,31.41627,4.50387,133.54445,0,5393.87568,187.3449724,361.621058052307,738.587623545466,61.6517903,17.5380802,268.81365,191.817235,250.91855,69.46441,5.60040393,2.05516,23.2274141,5.47344,1.147473988,7.08730760460124,9.352241798,68.2672369393301,191.845205455585,38.7341481593782,29.806833716081,-0.204654312,6.71229,35707.4912913405,0,0,10.5684352518689,1.81771,1.00246,0.24909,0.858518947,0
